country,alpha_2_code,alpha_3_code,numeric_code,indicator,time_period,obs_value,sex,unit_multiplier,unit_of_measure,observation_status,observation_confidentaility,time_period_activity_related_to_when_the_data_are_collected,current_age
Afghanistan,AF,AFG,4,Proportion of schools with improved drinking water sources,2007,67.25,Total,,%,,,,Total
Afghanistan,AF,AFG,4,Proportion of schools with improved drinking water sources,2008,67.25,Total,,%,,,,Total
Afghanistan,AF,AFG,4,Proportion of schools with improved drinking water sources,2009,67.25,Total,,%,,,,Total
Afghanistan,AF,AFG,4,Proportion of schools with improved drinking water sources,2010,67.25,Total,,%,,,,Total
Afghanistan,AF,AFG,4,Proportion of schools with improved drinking water sources,2011,67.25,Total,,%,,,,Total
Afghanistan,AF,AFG,4,Proportion of schools with improved drinking water sources,2012,68.625,Total,,%,,,,Total
Afghanistan,AF,AFG,4,Proportion of schools with improved drinking water sources,2013,70,Total,,%,,,,Total
Afghanistan,AF,AFG,4,Proportion of schools with improved drinking water sources,2014,71.375,Total,,%,,,,Total
Afghanistan,AF,AFG,4,Proportion of schools with improved drinking water sources,2015,72.75,Total,,%,,,,Total
Afghanistan,AF,AFG,4,Proportion of schools with improved drinking water sources,2016,74.125,Total,,%,,,,Total
Afghanistan,AF,AFG,4,Proportion of schools with improved drinking water sources,2017,75.5,Total,,%,,,,Total
Afghanistan,AF,AFG,4,Proportion of schools with improved drinking water sources,2018,76.875,Total,,%,,,,Total
Afghanistan,AF,AFG,4,Proportion of schools with improved drinking water sources,2019,78.25,Total,,%,,,,Total
Afghanistan,AF,AFG,4,Proportion of schools with improved drinking water sources,2020,78.25,Total,,%,,,,Total
Afghanistan,AF,AFG,4,Proportion of schools with improved drinking water sources,2021,78.25,Total,,%,,,,Total
Afghanistan,AF,AFG,4,Proportion of schools with improved drinking water sources,2022,78.25,Total,,%,,,,Total
Afghanistan,AF,AFG,4,Proportion of schools with improved drinking water sources,2023,78.25,Total,,%,,,,Total
Algeria,DZ,DZA,12,Proportion of schools with improved drinking water sources,2005,98.46736308867276,Total,,%,,,,Total
Algeria,DZ,DZA,12,Proportion of schools with improved drinking water sources,2006,98.46736308867276,Total,,%,,,,Total
Algeria,DZ,DZA,12,Proportion of schools with improved drinking water sources,2007,98.46736308867276,Total,,%,,,,Total
Algeria,DZ,DZA,12,Proportion of schools with improved drinking water sources,2008,98.46736308867276,Total,,%,,,,Total
Algeria,DZ,DZA,12,Proportion of schools with improved drinking water sources,2009,98.46736308867276,Total,,%,,,,Total
Algeria,DZ,DZA,12,Proportion of schools with improved drinking water sources,2010,97.6890237617331,Total,,%,,,,Total
Algeria,DZ,DZA,12,Proportion of schools with improved drinking water sources,2011,96.91068443479367,Total,,%,,,,Total
Algeria,DZ,DZA,12,Proportion of schools with improved drinking water sources,2012,96.13234510785401,Total,,%,,,,Total
Algeria,DZ,DZA,12,Proportion of schools with improved drinking water sources,2013,95.35400578091435,Total,,%,,,,Total
Algeria,DZ,DZA,12,Proportion of schools with improved drinking water sources,2014,94.57566645397469,Total,,%,,,,Total
Algeria,DZ,DZA,12,Proportion of schools with improved drinking water sources,2015,93.79732712703526,Total,,%,,,,Total
Algeria,DZ,DZA,12,Proportion of schools with improved drinking water sources,2016,93.0189878000956,Total,,%,,,,Total
Algeria,DZ,DZA,12,Proportion of schools with improved drinking water sources,2017,92.24064847315594,Total,,%,,,,Total
Algeria,DZ,DZA,12,Proportion of schools with improved drinking water sources,2018,92.24064847315594,Total,,%,,,,Total
Algeria,DZ,DZA,12,Proportion of schools with improved drinking water sources,2019,92.24064847315594,Total,,%,,,,Total
Algeria,DZ,DZA,12,Proportion of schools with improved drinking water sources,2020,92.24064847315594,Total,,%,,,,Total
Algeria,DZ,DZA,12,Proportion of schools with improved drinking water sources,2021,92.24064847315594,Total,,%,,,,Total
Andorra,AD,AND,20,Proportion of schools with improved drinking water sources,2000,100,Total,,%,,,,Total
Andorra,AD,AND,20,Proportion of schools with improved drinking water sources,2001,100,Total,,%,,,,Total
Andorra,AD,AND,20,Proportion of schools with improved drinking water sources,2002,100,Total,,%,,,,Total
Andorra,AD,AND,20,Proportion of schools with improved drinking water sources,2003,100,Total,,%,,,,Total
Andorra,AD,AND,20,Proportion of schools with improved drinking water sources,2004,100,Total,,%,,,,Total
Andorra,AD,AND,20,Proportion of schools with improved drinking water sources,2005,100,Total,,%,,,,Total
Andorra,AD,AND,20,Proportion of schools with improved drinking water sources,2006,100,Total,,%,,,,Total
Andorra,AD,AND,20,Proportion of schools with improved drinking water sources,2007,100,Total,,%,,,,Total
Andorra,AD,AND,20,Proportion of schools with improved drinking water sources,2008,100,Total,,%,,,,Total
Andorra,AD,AND,20,Proportion of schools with improved drinking water sources,2009,100,Total,,%,,,,Total
Andorra,AD,AND,20,Proportion of schools with improved drinking water sources,2010,100,Total,,%,,,,Total
Andorra,AD,AND,20,Proportion of schools with improved drinking water sources,2011,100,Total,,%,,,,Total
Andorra,AD,AND,20,Proportion of schools with improved drinking water sources,2012,100,Total,,%,,,,Total
Andorra,AD,AND,20,Proportion of schools with improved drinking water sources,2013,100,Total,,%,,,,Total
Andorra,AD,AND,20,Proportion of schools with improved drinking water sources,2014,100,Total,,%,,,,Total
Andorra,AD,AND,20,Proportion of schools with improved drinking water sources,2015,100,Total,,%,,,,Total
Andorra,AD,AND,20,Proportion of schools with improved drinking water sources,2016,100,Total,,%,,,,Total
Andorra,AD,AND,20,Proportion of schools with improved drinking water sources,2017,100,Total,,%,,,,Total
Andorra,AD,AND,20,Proportion of schools with improved drinking water sources,2018,100,Total,,%,,,,Total
Andorra,AD,AND,20,Proportion of schools with improved drinking water sources,2019,100,Total,,%,,,,Total
Andorra,AD,AND,20,Proportion of schools with improved drinking water sources,2020,100,Total,,%,,,,Total
Andorra,AD,AND,20,Proportion of schools with improved drinking water sources,2021,100,Total,,%,,,,Total
Andorra,AD,AND,20,Proportion of schools with improved drinking water sources,2022,100,Total,,%,,,,Total
Andorra,AD,AND,20,Proportion of schools with improved drinking water sources,2023,100,Total,,%,,,,Total
Angola,AO,AGO,24,Proportion of schools with improved drinking water sources,2012,31.46320150358567,Total,,%,,,,Total
Angola,AO,AGO,24,Proportion of schools with improved drinking water sources,2013,31.46320150358567,Total,,%,,,,Total
Angola,AO,AGO,24,Proportion of schools with improved drinking water sources,2014,31.46320150358567,Total,,%,,,,Total
Angola,AO,AGO,24,Proportion of schools with improved drinking water sources,2015,31.46320150358567,Total,,%,,,,Total
Angola,AO,AGO,24,Proportion of schools with improved drinking water sources,2016,31.46320150358567,Total,,%,,,,Total
Angola,AO,AGO,24,Proportion of schools with improved drinking water sources,2017,31.46320150358567,Total,,%,,,,Total
Angola,AO,AGO,24,Proportion of schools with improved drinking water sources,2018,31.46320150358567,Total,,%,,,,Total
Angola,AO,AGO,24,Proportion of schools with improved drinking water sources,2019,31.46320150358567,Total,,%,,,,Total
Angola,AO,AGO,24,Proportion of schools with improved drinking water sources,2020,31.46320150358567,Total,,%,,,,Total
Anguilla,AI,AIA,660,Proportion of schools with improved drinking water sources,2000,100,Total,,%,,,,Total
Anguilla,AI,AIA,660,Proportion of schools with improved drinking water sources,2001,100,Total,,%,,,,Total
Anguilla,AI,AIA,660,Proportion of schools with improved drinking water sources,2002,100,Total,,%,,,,Total
Anguilla,AI,AIA,660,Proportion of schools with improved drinking water sources,2003,100,Total,,%,,,,Total
Anguilla,AI,AIA,660,Proportion of schools with improved drinking water sources,2004,100,Total,,%,,,,Total
Anguilla,AI,AIA,660,Proportion of schools with improved drinking water sources,2005,100,Total,,%,,,,Total
Anguilla,AI,AIA,660,Proportion of schools with improved drinking water sources,2006,100,Total,,%,,,,Total
Anguilla,AI,AIA,660,Proportion of schools with improved drinking water sources,2007,100,Total,,%,,,,Total
Anguilla,AI,AIA,660,Proportion of schools with improved drinking water sources,2008,100,Total,,%,,,,Total
Anguilla,AI,AIA,660,Proportion of schools with improved drinking water sources,2009,100,Total,,%,,,,Total
Anguilla,AI,AIA,660,Proportion of schools with improved drinking water sources,2010,100,Total,,%,,,,Total
Anguilla,AI,AIA,660,Proportion of schools with improved drinking water sources,2011,100,Total,,%,,,,Total
Anguilla,AI,AIA,660,Proportion of schools with improved drinking water sources,2012,100,Total,,%,,,,Total
Anguilla,AI,AIA,660,Proportion of schools with improved drinking water sources,2013,100,Total,,%,,,,Total
Anguilla,AI,AIA,660,Proportion of schools with improved drinking water sources,2014,100,Total,,%,,,,Total
Anguilla,AI,AIA,660,Proportion of schools with improved drinking water sources,2015,100,Total,,%,,,,Total
Anguilla,AI,AIA,660,Proportion of schools with improved drinking water sources,2016,100,Total,,%,,,,Total
Anguilla,AI,AIA,660,Proportion of schools with improved drinking water sources,2017,100,Total,,%,,,,Total
Anguilla,AI,AIA,660,Proportion of schools with improved drinking water sources,2018,100,Total,,%,,,,Total
Anguilla,AI,AIA,660,Proportion of schools with improved drinking water sources,2019,100,Total,,%,,,,Total
Anguilla,AI,AIA,660,Proportion of schools with improved drinking water sources,2020,100,Total,,%,,,,Total
Anguilla,AI,AIA,660,Proportion of schools with improved drinking water sources,2021,100,Total,,%,,,,Total
Anguilla,AI,AIA,660,Proportion of schools with improved drinking water sources,2022,100,Total,,%,,,,Total
Anguilla,AI,AIA,660,Proportion of schools with improved drinking water sources,2023,100,Total,,%,,,,Total
Antigua and Barbuda,AG,ATG,28,Proportion of schools with improved drinking water sources,2000,100,Total,,%,,,,Total
Antigua and Barbuda,AG,ATG,28,Proportion of schools with improved drinking water sources,2001,100,Total,,%,,,,Total
Antigua and Barbuda,AG,ATG,28,Proportion of schools with improved drinking water sources,2002,100,Total,,%,,,,Total
Antigua and Barbuda,AG,ATG,28,Proportion of schools with improved drinking water sources,2003,100,Total,,%,,,,Total
Antigua and Barbuda,AG,ATG,28,Proportion of schools with improved drinking water sources,2004,100,Total,,%,,,,Total
Antigua and Barbuda,AG,ATG,28,Proportion of schools with improved drinking water sources,2005,100,Total,,%,,,,Total
Antigua and Barbuda,AG,ATG,28,Proportion of schools with improved drinking water sources,2006,100,Total,,%,,,,Total
Antigua and Barbuda,AG,ATG,28,Proportion of schools with improved drinking water sources,2007,100,Total,,%,,,,Total
Antigua and Barbuda,AG,ATG,28,Proportion of schools with improved drinking water sources,2008,100,Total,,%,,,,Total
Antigua and Barbuda,AG,ATG,28,Proportion of schools with improved drinking water sources,2009,100,Total,,%,,,,Total
Antigua and Barbuda,AG,ATG,28,Proportion of schools with improved drinking water sources,2010,100,Total,,%,,,,Total
Antigua and Barbuda,AG,ATG,28,Proportion of schools with improved drinking water sources,2011,100,Total,,%,,,,Total
Antigua and Barbuda,AG,ATG,28,Proportion of schools with improved drinking water sources,2012,100,Total,,%,,,,Total
Antigua and Barbuda,AG,ATG,28,Proportion of schools with improved drinking water sources,2013,100,Total,,%,,,,Total
Antigua and Barbuda,AG,ATG,28,Proportion of schools with improved drinking water sources,2014,100,Total,,%,,,,Total
Antigua and Barbuda,AG,ATG,28,Proportion of schools with improved drinking water sources,2015,100,Total,,%,,,,Total
Antigua and Barbuda,AG,ATG,28,Proportion of schools with improved drinking water sources,2016,100,Total,,%,,,,Total
Antigua and Barbuda,AG,ATG,28,Proportion of schools with improved drinking water sources,2017,100,Total,,%,,,,Total
Antigua and Barbuda,AG,ATG,28,Proportion of schools with improved drinking water sources,2018,100,Total,,%,,,,Total
Antigua and Barbuda,AG,ATG,28,Proportion of schools with improved drinking water sources,2019,100,Total,,%,,,,Total
Antigua and Barbuda,AG,ATG,28,Proportion of schools with improved drinking water sources,2020,100,Total,,%,,,,Total
Antigua and Barbuda,AG,ATG,28,Proportion of schools with improved drinking water sources,2021,100,Total,,%,,,,Total
Antigua and Barbuda,AG,ATG,28,Proportion of schools with improved drinking water sources,2022,100,Total,,%,,,,Total
Antigua and Barbuda,AG,ATG,28,Proportion of schools with improved drinking water sources,2023,100,Total,,%,,,,Total
Argentina,AR,ARG,32,Proportion of schools with improved drinking water sources,2000,79.84624851890067,Total,,%,,,,Total
Argentina,AR,ARG,32,Proportion of schools with improved drinking water sources,2001,79.84624851890067,Total,,%,,,,Total
Argentina,AR,ARG,32,Proportion of schools with improved drinking water sources,2002,79.84624851890067,Total,,%,,,,Total
Argentina,AR,ARG,32,Proportion of schools with improved drinking water sources,2003,79.84624851890067,Total,,%,,,,Total
Argentina,AR,ARG,32,Proportion of schools with improved drinking water sources,2004,79.84624851890067,Total,,%,,,,Total
Argentina,AR,ARG,32,Proportion of schools with improved drinking water sources,2005,80.4602644956617,Total,,%,,,,Total
Argentina,AR,ARG,32,Proportion of schools with improved drinking water sources,2006,81.07428047242274,Total,,%,,,,Total
Argentina,AR,ARG,32,Proportion of schools with improved drinking water sources,2007,81.68829644918378,Total,,%,,,,Total
Argentina,AR,ARG,32,Proportion of schools with improved drinking water sources,2008,82.30231242594505,Total,,%,,,,Total
Argentina,AR,ARG,32,Proportion of schools with improved drinking water sources,2009,82.91632840270609,Total,,%,,,,Total
Argentina,AR,ARG,32,Proportion of schools with improved drinking water sources,2010,83.53034437946712,Total,,%,,,,Total
Argentina,AR,ARG,32,Proportion of schools with improved drinking water sources,2011,84.14436035622816,Total,,%,,,,Total
Argentina,AR,ARG,32,Proportion of schools with improved drinking water sources,2012,84.7583763329892,Total,,%,,,,Total
Argentina,AR,ARG,32,Proportion of schools with improved drinking water sources,2013,85.37239230975025,Total,,%,,,,Total
Argentina,AR,ARG,32,Proportion of schools with improved drinking water sources,2014,85.98640828651151,Total,,%,,,,Total
Argentina,AR,ARG,32,Proportion of schools with improved drinking water sources,2015,86.60042426327256,Total,,%,,,,Total
Argentina,AR,ARG,32,Proportion of schools with improved drinking water sources,2016,87.21444024003357,Total,,%,,,,Total
Argentina,AR,ARG,32,Proportion of schools with improved drinking water sources,2017,87.82845621679462,Total,,%,,,,Total
Argentina,AR,ARG,32,Proportion of schools with improved drinking water sources,2018,88.44247219355566,Total,,%,,,,Total
Argentina,AR,ARG,32,Proportion of schools with improved drinking water sources,2019,89.0564881703167,Total,,%,,,,Total
Argentina,AR,ARG,32,Proportion of schools with improved drinking water sources,2020,89.67050414707796,Total,,%,,,,Total
Argentina,AR,ARG,32,Proportion of schools with improved drinking water sources,2021,90.284520123839,Total,,%,,,,Total
Argentina,AR,ARG,32,Proportion of schools with improved drinking water sources,2022,90.284520123839,Total,,%,,,,Total
Argentina,AR,ARG,32,Proportion of schools with improved drinking water sources,2023,90.284520123839,Total,,%,,,,Total
Armenia,AM,ARM,51,Proportion of schools with improved drinking water sources,2018,97.13823214169155,Total,,%,,,,Total
Armenia,AM,ARM,51,Proportion of schools with improved drinking water sources,2019,97.13823214169155,Total,,%,,,,Total
Armenia,AM,ARM,51,Proportion of schools with improved drinking water sources,2020,97.13823214169155,Total,,%,,,,Total
Armenia,AM,ARM,51,Proportion of schools with improved drinking water sources,2021,97.13823214169155,Total,,%,,,,Total
Armenia,AM,ARM,51,Proportion of schools with improved drinking water sources,2022,97.13823214169155,Total,,%,,,,Total
Armenia,AM,ARM,51,Proportion of schools with improved drinking water sources,2023,97.13823214169155,Total,,%,,,,Total
Australia,AU,AUS,36,Proportion of schools with improved drinking water sources,2000,100,Total,,%,,,,Total
Australia,AU,AUS,36,Proportion of schools with improved drinking water sources,2001,100,Total,,%,,,,Total
Australia,AU,AUS,36,Proportion of schools with improved drinking water sources,2002,100,Total,,%,,,,Total
Australia,AU,AUS,36,Proportion of schools with improved drinking water sources,2003,100,Total,,%,,,,Total
Australia,AU,AUS,36,Proportion of schools with improved drinking water sources,2004,100,Total,,%,,,,Total
Australia,AU,AUS,36,Proportion of schools with improved drinking water sources,2005,100,Total,,%,,,,Total
Australia,AU,AUS,36,Proportion of schools with improved drinking water sources,2006,100,Total,,%,,,,Total
Australia,AU,AUS,36,Proportion of schools with improved drinking water sources,2007,100,Total,,%,,,,Total
Australia,AU,AUS,36,Proportion of schools with improved drinking water sources,2008,100,Total,,%,,,,Total
Australia,AU,AUS,36,Proportion of schools with improved drinking water sources,2009,100,Total,,%,,,,Total
Australia,AU,AUS,36,Proportion of schools with improved drinking water sources,2010,100,Total,,%,,,,Total
Australia,AU,AUS,36,Proportion of schools with improved drinking water sources,2011,100,Total,,%,,,,Total
Australia,AU,AUS,36,Proportion of schools with improved drinking water sources,2012,100,Total,,%,,,,Total
Australia,AU,AUS,36,Proportion of schools with improved drinking water sources,2013,100,Total,,%,,,,Total
Australia,AU,AUS,36,Proportion of schools with improved drinking water sources,2014,100,Total,,%,,,,Total
Australia,AU,AUS,36,Proportion of schools with improved drinking water sources,2015,100,Total,,%,,,,Total
Australia,AU,AUS,36,Proportion of schools with improved drinking water sources,2016,100,Total,,%,,,,Total
Australia,AU,AUS,36,Proportion of schools with improved drinking water sources,2017,100,Total,,%,,,,Total
Australia,AU,AUS,36,Proportion of schools with improved drinking water sources,2018,100,Total,,%,,,,Total
Australia,AU,AUS,36,Proportion of schools with improved drinking water sources,2019,100,Total,,%,,,,Total
Australia,AU,AUS,36,Proportion of schools with improved drinking water sources,2020,100,Total,,%,,,,Total
Australia,AU,AUS,36,Proportion of schools with improved drinking water sources,2021,100,Total,,%,,,,Total
Australia,AU,AUS,36,Proportion of schools with improved drinking water sources,2022,100,Total,,%,,,,Total
Australia,AU,AUS,36,Proportion of schools with improved drinking water sources,2023,100,Total,,%,,,,Total
Austria,AT,AUT,40,Proportion of schools with improved drinking water sources,2000,100,Total,,%,,,,Total
Austria,AT,AUT,40,Proportion of schools with improved drinking water sources,2001,100,Total,,%,,,,Total
Austria,AT,AUT,40,Proportion of schools with improved drinking water sources,2002,100,Total,,%,,,,Total
Austria,AT,AUT,40,Proportion of schools with improved drinking water sources,2003,100,Total,,%,,,,Total
Austria,AT,AUT,40,Proportion of schools with improved drinking water sources,2004,100,Total,,%,,,,Total
Austria,AT,AUT,40,Proportion of schools with improved drinking water sources,2005,100,Total,,%,,,,Total
Austria,AT,AUT,40,Proportion of schools with improved drinking water sources,2006,100,Total,,%,,,,Total
Austria,AT,AUT,40,Proportion of schools with improved drinking water sources,2007,100,Total,,%,,,,Total
Austria,AT,AUT,40,Proportion of schools with improved drinking water sources,2008,100,Total,,%,,,,Total
Austria,AT,AUT,40,Proportion of schools with improved drinking water sources,2009,100,Total,,%,,,,Total
Austria,AT,AUT,40,Proportion of schools with improved drinking water sources,2010,100,Total,,%,,,,Total
Austria,AT,AUT,40,Proportion of schools with improved drinking water sources,2011,100,Total,,%,,,,Total
Austria,AT,AUT,40,Proportion of schools with improved drinking water sources,2012,100,Total,,%,,,,Total
Austria,AT,AUT,40,Proportion of schools with improved drinking water sources,2013,100,Total,,%,,,,Total
Austria,AT,AUT,40,Proportion of schools with improved drinking water sources,2014,100,Total,,%,,,,Total
Austria,AT,AUT,40,Proportion of schools with improved drinking water sources,2015,100,Total,,%,,,,Total
Austria,AT,AUT,40,Proportion of schools with improved drinking water sources,2016,100,Total,,%,,,,Total
Austria,AT,AUT,40,Proportion of schools with improved drinking water sources,2017,100,Total,,%,,,,Total
Austria,AT,AUT,40,Proportion of schools with improved drinking water sources,2018,100,Total,,%,,,,Total
Austria,AT,AUT,40,Proportion of schools with improved drinking water sources,2019,100,Total,,%,,,,Total
Austria,AT,AUT,40,Proportion of schools with improved drinking water sources,2020,100,Total,,%,,,,Total
Austria,AT,AUT,40,Proportion of schools with improved drinking water sources,2021,100,Total,,%,,,,Total
Austria,AT,AUT,40,Proportion of schools with improved drinking water sources,2022,100,Total,,%,,,,Total
Austria,AT,AUT,40,Proportion of schools with improved drinking water sources,2023,100,Total,,%,,,,Total
Azerbaijan,AZ,AZE,31,Proportion of schools with improved drinking water sources,2000,100,Total,,%,,,,Total
Azerbaijan,AZ,AZE,31,Proportion of schools with improved drinking water sources,2001,100,Total,,%,,,,Total
Azerbaijan,AZ,AZE,31,Proportion of schools with improved drinking water sources,2002,100,Total,,%,,,,Total
Azerbaijan,AZ,AZE,31,Proportion of schools with improved drinking water sources,2003,100,Total,,%,,,,Total
Azerbaijan,AZ,AZE,31,Proportion of schools with improved drinking water sources,2004,100,Total,,%,,,,Total
Azerbaijan,AZ,AZE,31,Proportion of schools with improved drinking water sources,2005,100,Total,,%,,,,Total
Azerbaijan,AZ,AZE,31,Proportion of schools with improved drinking water sources,2006,100,Total,,%,,,,Total
Azerbaijan,AZ,AZE,31,Proportion of schools with improved drinking water sources,2007,100,Total,,%,,,,Total
Azerbaijan,AZ,AZE,31,Proportion of schools with improved drinking water sources,2008,100,Total,,%,,,,Total
Azerbaijan,AZ,AZE,31,Proportion of schools with improved drinking water sources,2009,100,Total,,%,,,,Total
Azerbaijan,AZ,AZE,31,Proportion of schools with improved drinking water sources,2010,100,Total,,%,,,,Total
Azerbaijan,AZ,AZE,31,Proportion of schools with improved drinking water sources,2011,100,Total,,%,,,,Total
Azerbaijan,AZ,AZE,31,Proportion of schools with improved drinking water sources,2012,100,Total,,%,,,,Total
Azerbaijan,AZ,AZE,31,Proportion of schools with improved drinking water sources,2013,100,Total,,%,,,,Total
Azerbaijan,AZ,AZE,31,Proportion of schools with improved drinking water sources,2014,100,Total,,%,,,,Total
Azerbaijan,AZ,AZE,31,Proportion of schools with improved drinking water sources,2015,100,Total,,%,,,,Total
Azerbaijan,AZ,AZE,31,Proportion of schools with improved drinking water sources,2016,100,Total,,%,,,,Total
Azerbaijan,AZ,AZE,31,Proportion of schools with improved drinking water sources,2017,100,Total,,%,,,,Total
Azerbaijan,AZ,AZE,31,Proportion of schools with improved drinking water sources,2018,100,Total,,%,,,,Total
Azerbaijan,AZ,AZE,31,Proportion of schools with improved drinking water sources,2019,100,Total,,%,,,,Total
Azerbaijan,AZ,AZE,31,Proportion of schools with improved drinking water sources,2020,100,Total,,%,,,,Total
Azerbaijan,AZ,AZE,31,Proportion of schools with improved drinking water sources,2021,100,Total,,%,,,,Total
Azerbaijan,AZ,AZE,31,Proportion of schools with improved drinking water sources,2022,100,Total,,%,,,,Total
Azerbaijan,AZ,AZE,31,Proportion of schools with improved drinking water sources,2023,100,Total,,%,,,,Total
Bahamas,BS,BHS,44,Proportion of schools with improved drinking water sources,2000,100,Total,,%,,,,Total
Bahamas,BS,BHS,44,Proportion of schools with improved drinking water sources,2001,100,Total,,%,,,,Total
Bahamas,BS,BHS,44,Proportion of schools with improved drinking water sources,2002,100,Total,,%,,,,Total
Bahamas,BS,BHS,44,Proportion of schools with improved drinking water sources,2003,100,Total,,%,,,,Total
Bahamas,BS,BHS,44,Proportion of schools with improved drinking water sources,2004,100,Total,,%,,,,Total
Bahamas,BS,BHS,44,Proportion of schools with improved drinking water sources,2005,100,Total,,%,,,,Total
Bahamas,BS,BHS,44,Proportion of schools with improved drinking water sources,2006,100,Total,,%,,,,Total
Bahamas,BS,BHS,44,Proportion of schools with improved drinking water sources,2007,100,Total,,%,,,,Total
Bahamas,BS,BHS,44,Proportion of schools with improved drinking water sources,2008,100,Total,,%,,,,Total
Bahamas,BS,BHS,44,Proportion of schools with improved drinking water sources,2009,100,Total,,%,,,,Total
Bahamas,BS,BHS,44,Proportion of schools with improved drinking water sources,2010,100,Total,,%,,,,Total
Bahamas,BS,BHS,44,Proportion of schools with improved drinking water sources,2011,100,Total,,%,,,,Total
Bahamas,BS,BHS,44,Proportion of schools with improved drinking water sources,2012,100,Total,,%,,,,Total
Bahamas,BS,BHS,44,Proportion of schools with improved drinking water sources,2013,100,Total,,%,,,,Total
Bahamas,BS,BHS,44,Proportion of schools with improved drinking water sources,2014,100,Total,,%,,,,Total
Bahamas,BS,BHS,44,Proportion of schools with improved drinking water sources,2015,100,Total,,%,,,,Total
Bahamas,BS,BHS,44,Proportion of schools with improved drinking water sources,2016,100,Total,,%,,,,Total
Bahamas,BS,BHS,44,Proportion of schools with improved drinking water sources,2017,100,Total,,%,,,,Total
Bahamas,BS,BHS,44,Proportion of schools with improved drinking water sources,2018,100,Total,,%,,,,Total
Bahamas,BS,BHS,44,Proportion of schools with improved drinking water sources,2019,100,Total,,%,,,,Total
Bahamas,BS,BHS,44,Proportion of schools with improved drinking water sources,2020,100,Total,,%,,,,Total
Bahamas,BS,BHS,44,Proportion of schools with improved drinking water sources,2021,100,Total,,%,,,,Total
Bahamas,BS,BHS,44,Proportion of schools with improved drinking water sources,2022,100,Total,,%,,,,Total
Bahamas,BS,BHS,44,Proportion of schools with improved drinking water sources,2023,100,Total,,%,,,,Total
Bahrain,BH,BHR,48,Proportion of schools with improved drinking water sources,2000,100,Total,,%,,,,Total
Bahrain,BH,BHR,48,Proportion of schools with improved drinking water sources,2001,100,Total,,%,,,,Total
Bahrain,BH,BHR,48,Proportion of schools with improved drinking water sources,2002,100,Total,,%,,,,Total
Bahrain,BH,BHR,48,Proportion of schools with improved drinking water sources,2003,100,Total,,%,,,,Total
Bahrain,BH,BHR,48,Proportion of schools with improved drinking water sources,2004,100,Total,,%,,,,Total
Bahrain,BH,BHR,48,Proportion of schools with improved drinking water sources,2005,100,Total,,%,,,,Total
Bahrain,BH,BHR,48,Proportion of schools with improved drinking water sources,2006,100,Total,,%,,,,Total
Bahrain,BH,BHR,48,Proportion of schools with improved drinking water sources,2007,100,Total,,%,,,,Total
Bahrain,BH,BHR,48,Proportion of schools with improved drinking water sources,2008,100,Total,,%,,,,Total
Bahrain,BH,BHR,48,Proportion of schools with improved drinking water sources,2009,100,Total,,%,,,,Total
Bahrain,BH,BHR,48,Proportion of schools with improved drinking water sources,2010,100,Total,,%,,,,Total
Bahrain,BH,BHR,48,Proportion of schools with improved drinking water sources,2011,100,Total,,%,,,,Total
Bahrain,BH,BHR,48,Proportion of schools with improved drinking water sources,2012,100,Total,,%,,,,Total
Bahrain,BH,BHR,48,Proportion of schools with improved drinking water sources,2013,100,Total,,%,,,,Total
Bahrain,BH,BHR,48,Proportion of schools with improved drinking water sources,2014,100,Total,,%,,,,Total
Bahrain,BH,BHR,48,Proportion of schools with improved drinking water sources,2015,100,Total,,%,,,,Total
Bahrain,BH,BHR,48,Proportion of schools with improved drinking water sources,2016,100,Total,,%,,,,Total
Bahrain,BH,BHR,48,Proportion of schools with improved drinking water sources,2017,100,Total,,%,,,,Total
Bahrain,BH,BHR,48,Proportion of schools with improved drinking water sources,2018,100,Total,,%,,,,Total
Bahrain,BH,BHR,48,Proportion of schools with improved drinking water sources,2019,100,Total,,%,,,,Total
Bahrain,BH,BHR,48,Proportion of schools with improved drinking water sources,2020,100,Total,,%,,,,Total
Bahrain,BH,BHR,48,Proportion of schools with improved drinking water sources,2021,100,Total,,%,,,,Total
Bahrain,BH,BHR,48,Proportion of schools with improved drinking water sources,2022,100,Total,,%,,,,Total
Bahrain,BH,BHR,48,Proportion of schools with improved drinking water sources,2023,100,Total,,%,,,,Total
Bangladesh,BD,BGD,50,Proportion of schools with improved drinking water sources,2004,73.75434988505776,Total,,%,,,,Total
Bangladesh,BD,BGD,50,Proportion of schools with improved drinking water sources,2005,73.75434988505776,Total,,%,,,,Total
Bangladesh,BD,BGD,50,Proportion of schools with improved drinking water sources,2006,73.75434988505776,Total,,%,,,,Total
Bangladesh,BD,BGD,50,Proportion of schools with improved drinking water sources,2007,73.75434988505776,Total,,%,,,,Total
Bangladesh,BD,BGD,50,Proportion of schools with improved drinking water sources,2008,73.75434988505776,Total,,%,,,,Total
Bangladesh,BD,BGD,50,Proportion of schools with improved drinking water sources,2009,75.50981609195424,Total,,%,,,,Total
Bangladesh,BD,BGD,50,Proportion of schools with improved drinking water sources,2010,77.26528229885071,Total,,%,,,,Total
Bangladesh,BD,BGD,50,Proportion of schools with improved drinking water sources,2011,78.81544502873567,Total,,%,,,,Total
Bangladesh,BD,BGD,50,Proportion of schools with improved drinking water sources,2012,79.95028356321836,Total,,%,,,,Total
Bangladesh,BD,BGD,50,Proportion of schools with improved drinking water sources,2013,81.08512209770106,Total,,%,,,,Total
Bangladesh,BD,BGD,50,Proportion of schools with improved drinking water sources,2014,82.21996063218376,Total,,%,,,,Total
Bangladesh,BD,BGD,50,Proportion of schools with improved drinking water sources,2015,83.35479916666645,Total,,%,,,,Total
Bangladesh,BD,BGD,50,Proportion of schools with improved drinking water sources,2016,84.4896377011496,Total,,%,,,,Total
Bangladesh,BD,BGD,50,Proportion of schools with improved drinking water sources,2017,85.6244762356323,Total,,%,,,,Total
Bangladesh,BD,BGD,50,Proportion of schools with improved drinking water sources,2018,86.759314770115,Total,,%,,,,Total
Bangladesh,BD,BGD,50,Proportion of schools with improved drinking water sources,2019,87.89415330459769,Total,,%,,,,Total
Bangladesh,BD,BGD,50,Proportion of schools with improved drinking water sources,2020,89.02899183908039,Total,,%,,,,Total
Bangladesh,BD,BGD,50,Proportion of schools with improved drinking water sources,2021,90.1638303735631,Total,,%,,,,Total
Bangladesh,BD,BGD,50,Proportion of schools with improved drinking water sources,2022,91.29866890804578,Total,,%,,,,Total
Bangladesh,BD,BGD,50,Proportion of schools with improved drinking water sources,2023,91.29866890804578,Total,,%,,,,Total
Barbados,BB,BRB,52,Proportion of schools with improved drinking water sources,2000,100,Total,,%,,,,Total
Barbados,BB,BRB,52,Proportion of schools with improved drinking water sources,2001,100,Total,,%,,,,Total
Barbados,BB,BRB,52,Proportion of schools with improved drinking water sources,2002,100,Total,,%,,,,Total
Barbados,BB,BRB,52,Proportion of schools with improved drinking water sources,2003,100,Total,,%,,,,Total
Barbados,BB,BRB,52,Proportion of schools with improved drinking water sources,2004,100,Total,,%,,,,Total
Barbados,BB,BRB,52,Proportion of schools with improved drinking water sources,2005,100,Total,,%,,,,Total
Barbados,BB,BRB,52,Proportion of schools with improved drinking water sources,2006,100,Total,,%,,,,Total
Barbados,BB,BRB,52,Proportion of schools with improved drinking water sources,2007,100,Total,,%,,,,Total
Barbados,BB,BRB,52,Proportion of schools with improved drinking water sources,2008,100,Total,,%,,,,Total
Barbados,BB,BRB,52,Proportion of schools with improved drinking water sources,2009,100,Total,,%,,,,Total
Barbados,BB,BRB,52,Proportion of schools with improved drinking water sources,2010,100,Total,,%,,,,Total
Barbados,BB,BRB,52,Proportion of schools with improved drinking water sources,2011,100,Total,,%,,,,Total
Barbados,BB,BRB,52,Proportion of schools with improved drinking water sources,2012,100,Total,,%,,,,Total
Barbados,BB,BRB,52,Proportion of schools with improved drinking water sources,2013,100,Total,,%,,,,Total
Barbados,BB,BRB,52,Proportion of schools with improved drinking water sources,2014,100,Total,,%,,,,Total
Barbados,BB,BRB,52,Proportion of schools with improved drinking water sources,2015,100,Total,,%,,,,Total
Barbados,BB,BRB,52,Proportion of schools with improved drinking water sources,2016,100,Total,,%,,,,Total
Barbados,BB,BRB,52,Proportion of schools with improved drinking water sources,2017,100,Total,,%,,,,Total
Barbados,BB,BRB,52,Proportion of schools with improved drinking water sources,2018,100,Total,,%,,,,Total
Barbados,BB,BRB,52,Proportion of schools with improved drinking water sources,2019,100,Total,,%,,,,Total
Barbados,BB,BRB,52,Proportion of schools with improved drinking water sources,2020,100,Total,,%,,,,Total
Barbados,BB,BRB,52,Proportion of schools with improved drinking water sources,2021,100,Total,,%,,,,Total
Barbados,BB,BRB,52,Proportion of schools with improved drinking water sources,2022,100,Total,,%,,,,Total
Barbados,BB,BRB,52,Proportion of schools with improved drinking water sources,2023,100,Total,,%,,,,Total
Belarus,BY,BLR,112,Proportion of schools with improved drinking water sources,2000,100,Total,,%,,,,Total
Belarus,BY,BLR,112,Proportion of schools with improved drinking water sources,2001,100,Total,,%,,,,Total
Belarus,BY,BLR,112,Proportion of schools with improved drinking water sources,2002,100,Total,,%,,,,Total
Belarus,BY,BLR,112,Proportion of schools with improved drinking water sources,2003,100,Total,,%,,,,Total
Belarus,BY,BLR,112,Proportion of schools with improved drinking water sources,2004,100,Total,,%,,,,Total
Belarus,BY,BLR,112,Proportion of schools with improved drinking water sources,2005,100,Total,,%,,,,Total
Belarus,BY,BLR,112,Proportion of schools with improved drinking water sources,2006,100,Total,,%,,,,Total
Belarus,BY,BLR,112,Proportion of schools with improved drinking water sources,2007,100,Total,,%,,,,Total
Belarus,BY,BLR,112,Proportion of schools with improved drinking water sources,2008,100,Total,,%,,,,Total
Belarus,BY,BLR,112,Proportion of schools with improved drinking water sources,2009,100,Total,,%,,,,Total
Belarus,BY,BLR,112,Proportion of schools with improved drinking water sources,2010,100,Total,,%,,,,Total
Belarus,BY,BLR,112,Proportion of schools with improved drinking water sources,2011,100,Total,,%,,,,Total
Belarus,BY,BLR,112,Proportion of schools with improved drinking water sources,2012,100,Total,,%,,,,Total
Belarus,BY,BLR,112,Proportion of schools with improved drinking water sources,2013,100,Total,,%,,,,Total
Belarus,BY,BLR,112,Proportion of schools with improved drinking water sources,2014,100,Total,,%,,,,Total
Belarus,BY,BLR,112,Proportion of schools with improved drinking water sources,2015,100,Total,,%,,,,Total
Belarus,BY,BLR,112,Proportion of schools with improved drinking water sources,2016,100,Total,,%,,,,Total
Belarus,BY,BLR,112,Proportion of schools with improved drinking water sources,2017,100,Total,,%,,,,Total
Belarus,BY,BLR,112,Proportion of schools with improved drinking water sources,2018,100,Total,,%,,,,Total
Belarus,BY,BLR,112,Proportion of schools with improved drinking water sources,2019,100,Total,,%,,,,Total
Belarus,BY,BLR,112,Proportion of schools with improved drinking water sources,2020,100,Total,,%,,,,Total
Belarus,BY,BLR,112,Proportion of schools with improved drinking water sources,2021,100,Total,,%,,,,Total
Belarus,BY,BLR,112,Proportion of schools with improved drinking water sources,2022,100,Total,,%,,,,Total
Belarus,BY,BLR,112,Proportion of schools with improved drinking water sources,2023,100,Total,,%,,,,Total
Belgium,BE,BEL,56,Proportion of schools with improved drinking water sources,2000,100,Total,,%,,,,Total
Belgium,BE,BEL,56,Proportion of schools with improved drinking water sources,2001,100,Total,,%,,,,Total
Belgium,BE,BEL,56,Proportion of schools with improved drinking water sources,2002,100,Total,,%,,,,Total
Belgium,BE,BEL,56,Proportion of schools with improved drinking water sources,2003,100,Total,,%,,,,Total
Belgium,BE,BEL,56,Proportion of schools with improved drinking water sources,2004,100,Total,,%,,,,Total
Belgium,BE,BEL,56,Proportion of schools with improved drinking water sources,2005,100,Total,,%,,,,Total
Belgium,BE,BEL,56,Proportion of schools with improved drinking water sources,2006,100,Total,,%,,,,Total
Belgium,BE,BEL,56,Proportion of schools with improved drinking water sources,2007,100,Total,,%,,,,Total
Belgium,BE,BEL,56,Proportion of schools with improved drinking water sources,2008,100,Total,,%,,,,Total
Belgium,BE,BEL,56,Proportion of schools with improved drinking water sources,2009,100,Total,,%,,,,Total
Belgium,BE,BEL,56,Proportion of schools with improved drinking water sources,2010,100,Total,,%,,,,Total
Belgium,BE,BEL,56,Proportion of schools with improved drinking water sources,2011,100,Total,,%,,,,Total
Belgium,BE,BEL,56,Proportion of schools with improved drinking water sources,2012,100,Total,,%,,,,Total
Belgium,BE,BEL,56,Proportion of schools with improved drinking water sources,2013,100,Total,,%,,,,Total
Belgium,BE,BEL,56,Proportion of schools with improved drinking water sources,2014,100,Total,,%,,,,Total
Belgium,BE,BEL,56,Proportion of schools with improved drinking water sources,2015,100,Total,,%,,,,Total
Belgium,BE,BEL,56,Proportion of schools with improved drinking water sources,2016,100,Total,,%,,,,Total
Belgium,BE,BEL,56,Proportion of schools with improved drinking water sources,2017,100,Total,,%,,,,Total
Belgium,BE,BEL,56,Proportion of schools with improved drinking water sources,2018,100,Total,,%,,,,Total
Belgium,BE,BEL,56,Proportion of schools with improved drinking water sources,2019,100,Total,,%,,,,Total
Belgium,BE,BEL,56,Proportion of schools with improved drinking water sources,2020,100,Total,,%,,,,Total
Belgium,BE,BEL,56,Proportion of schools with improved drinking water sources,2021,100,Total,,%,,,,Total
Belgium,BE,BEL,56,Proportion of schools with improved drinking water sources,2022,100,Total,,%,,,,Total
Belgium,BE,BEL,56,Proportion of schools with improved drinking water sources,2023,100,Total,,%,,,,Total
Belize,BZ,BLZ,84,Proportion of schools with improved drinking water sources,2005,95.39999999999999,Total,,%,,,,Total
Belize,BZ,BLZ,84,Proportion of schools with improved drinking water sources,2006,95.39999999999999,Total,,%,,,,Total
Belize,BZ,BLZ,84,Proportion of schools with improved drinking water sources,2007,95.39999999999999,Total,,%,,,,Total
Belize,BZ,BLZ,84,Proportion of schools with improved drinking water sources,2008,95.39999999999999,Total,,%,,,,Total
Belize,BZ,BLZ,84,Proportion of schools with improved drinking water sources,2009,95.39999999999999,Total,,%,,,,Total
Belize,BZ,BLZ,84,Proportion of schools with improved drinking water sources,2010,95.39999999999999,Total,,%,,,,Total
Belize,BZ,BLZ,84,Proportion of schools with improved drinking water sources,2011,95.39999999999999,Total,,%,,,,Total
Belize,BZ,BLZ,84,Proportion of schools with improved drinking water sources,2012,95.39999999999999,Total,,%,,,,Total
Belize,BZ,BLZ,84,Proportion of schools with improved drinking water sources,2013,95.39999999999999,Total,,%,,,,Total
Benin,BJ,BEN,204,Proportion of schools with improved drinking water sources,2004,19.51394117293057,Total,,%,,,,Total
Benin,BJ,BEN,204,Proportion of schools with improved drinking water sources,2005,19.51394117293057,Total,,%,,,,Total
Benin,BJ,BEN,204,Proportion of schools with improved drinking water sources,2006,19.51394117293057,Total,,%,,,,Total
Benin,BJ,BEN,204,Proportion of schools with improved drinking water sources,2007,19.51394117293057,Total,,%,,,,Total
Benin,BJ,BEN,204,Proportion of schools with improved drinking water sources,2008,19.51394117293057,Total,,%,,,,Total
Benin,BJ,BEN,204,Proportion of schools with improved drinking water sources,2009,26.13504737424046,Total,,%,,,,Total
Benin,BJ,BEN,204,Proportion of schools with improved drinking water sources,2010,32.75615357555034,Total,,%,,,,Total
Benin,BJ,BEN,204,Proportion of schools with improved drinking water sources,2011,39.37725977686205,Total,,%,,,,Total
Benin,BJ,BEN,204,Proportion of schools with improved drinking water sources,2012,45.99836597817193,Total,,%,,,,Total
Benin,BJ,BEN,204,Proportion of schools with improved drinking water sources,2013,52.61947217948182,Total,,%,,,,Total
Benin,BJ,BEN,204,Proportion of schools with improved drinking water sources,2014,59.2405783807917,Total,,%,,,,Total
Benin,BJ,BEN,204,Proportion of schools with improved drinking water sources,2015,65.86168458210159,Total,,%,,,,Total
Benin,BJ,BEN,204,Proportion of schools with improved drinking water sources,2016,72.48279078341147,Total,,%,,,,Total
Benin,BJ,BEN,204,Proportion of schools with improved drinking water sources,2017,79.10389698472136,Total,,%,,,,Total
Benin,BJ,BEN,204,Proportion of schools with improved drinking water sources,2018,79.10389698472136,Total,,%,,,,Total
Benin,BJ,BEN,204,Proportion of schools with improved drinking water sources,2019,79.10389698472136,Total,,%,,,,Total
Benin,BJ,BEN,204,Proportion of schools with improved drinking water sources,2020,79.10389698472136,Total,,%,,,,Total
Benin,BJ,BEN,204,Proportion of schools with improved drinking water sources,2021,79.10389698472136,Total,,%,,,,Total
Bhutan,BT,BTN,64,Proportion of schools with improved drinking water sources,2002,87.46075167721698,Total,,%,,,,Total
Bhutan,BT,BTN,64,Proportion of schools with improved drinking water sources,2003,87.46075167721698,Total,,%,,,,Total
Bhutan,BT,BTN,64,Proportion of schools with improved drinking water sources,2004,87.46075167721698,Total,,%,,,,Total
Bhutan,BT,BTN,64,Proportion of schools with improved drinking water sources,2005,87.46075167721698,Total,,%,,,,Total
Bhutan,BT,BTN,64,Proportion of schools with improved drinking water sources,2006,87.46075167721698,Total,,%,,,,Total
Bhutan,BT,BTN,64,Proportion of schools with improved drinking water sources,2007,87.7014513416421,Total,,%,,,,Total
Bhutan,BT,BTN,64,Proportion of schools with improved drinking water sources,2008,87.94215100606721,Total,,%,,,,Total
Bhutan,BT,BTN,64,Proportion of schools with improved drinking water sources,2009,88.18285067049231,Total,,%,,,,Total
Bhutan,BT,BTN,64,Proportion of schools with improved drinking water sources,2010,88.42355033491741,Total,,%,,,,Total
Bhutan,BT,BTN,64,Proportion of schools with improved drinking water sources,2011,88.66424999934259,Total,,%,,,,Total
Bhutan,BT,BTN,64,Proportion of schools with improved drinking water sources,2012,88.90494966376771,Total,,%,,,,Total
Bhutan,BT,BTN,64,Proportion of schools with improved drinking water sources,2013,89.1456493281928,Total,,%,,,,Total
Bhutan,BT,BTN,64,Proportion of schools with improved drinking water sources,2014,89.38634899261791,Total,,%,,,,Total
Bhutan,BT,BTN,64,Proportion of schools with improved drinking water sources,2015,89.62704865704302,Total,,%,,,,Total
Bhutan,BT,BTN,64,Proportion of schools with improved drinking water sources,2016,89.86774832146814,Total,,%,,,,Total
Bhutan,BT,BTN,64,Proportion of schools with improved drinking water sources,2017,90.10844798589329,Total,,%,,,,Total
Bhutan,BT,BTN,64,Proportion of schools with improved drinking water sources,2018,90.3491476503184,Total,,%,,,,Total
Bhutan,BT,BTN,64,Proportion of schools with improved drinking water sources,2019,90.58984731474351,Total,,%,,,,Total
Bhutan,BT,BTN,64,Proportion of schools with improved drinking water sources,2020,90.83054697916862,Total,,%,,,,Total
Bhutan,BT,BTN,64,Proportion of schools with improved drinking water sources,2021,91.07124664359372,Total,,%,,,,Total
Bhutan,BT,BTN,64,Proportion of schools with improved drinking water sources,2022,91.31194630801883,Total,,%,,,,Total
Bhutan,BT,BTN,64,Proportion of schools with improved drinking water sources,2023,91.552645972444,Total,,%,,,,Total
Bosnia and Herzegovina,BA,BIH,70,Proportion of schools with improved drinking water sources,2000,100,Total,,%,,,,Total
Bosnia and Herzegovina,BA,BIH,70,Proportion of schools with improved drinking water sources,2001,100,Total,,%,,,,Total
Bosnia and Herzegovina,BA,BIH,70,Proportion of schools with improved drinking water sources,2002,100,Total,,%,,,,Total
Bosnia and Herzegovina,BA,BIH,70,Proportion of schools with improved drinking water sources,2003,100,Total,,%,,,,Total
Bosnia and Herzegovina,BA,BIH,70,Proportion of schools with improved drinking water sources,2004,100,Total,,%,,,,Total
Bosnia and Herzegovina,BA,BIH,70,Proportion of schools with improved drinking water sources,2005,100,Total,,%,,,,Total
Bosnia and Herzegovina,BA,BIH,70,Proportion of schools with improved drinking water sources,2006,100,Total,,%,,,,Total
Bosnia and Herzegovina,BA,BIH,70,Proportion of schools with improved drinking water sources,2007,100,Total,,%,,,,Total
Bosnia and Herzegovina,BA,BIH,70,Proportion of schools with improved drinking water sources,2008,100,Total,,%,,,,Total
Bosnia and Herzegovina,BA,BIH,70,Proportion of schools with improved drinking water sources,2009,100,Total,,%,,,,Total
Bosnia and Herzegovina,BA,BIH,70,Proportion of schools with improved drinking water sources,2010,100,Total,,%,,,,Total
Bosnia and Herzegovina,BA,BIH,70,Proportion of schools with improved drinking water sources,2011,100,Total,,%,,,,Total
Bosnia and Herzegovina,BA,BIH,70,Proportion of schools with improved drinking water sources,2012,100,Total,,%,,,,Total
Bosnia and Herzegovina,BA,BIH,70,Proportion of schools with improved drinking water sources,2013,100,Total,,%,,,,Total
Bosnia and Herzegovina,BA,BIH,70,Proportion of schools with improved drinking water sources,2014,100,Total,,%,,,,Total
Bosnia and Herzegovina,BA,BIH,70,Proportion of schools with improved drinking water sources,2015,100,Total,,%,,,,Total
Bosnia and Herzegovina,BA,BIH,70,Proportion of schools with improved drinking water sources,2016,100,Total,,%,,,,Total
Bosnia and Herzegovina,BA,BIH,70,Proportion of schools with improved drinking water sources,2017,100,Total,,%,,,,Total
Bosnia and Herzegovina,BA,BIH,70,Proportion of schools with improved drinking water sources,2018,100,Total,,%,,,,Total
Bosnia and Herzegovina,BA,BIH,70,Proportion of schools with improved drinking water sources,2019,100,Total,,%,,,,Total
Bosnia and Herzegovina,BA,BIH,70,Proportion of schools with improved drinking water sources,2020,100,Total,,%,,,,Total
Bosnia and Herzegovina,BA,BIH,70,Proportion of schools with improved drinking water sources,2021,100,Total,,%,,,,Total
Bosnia and Herzegovina,BA,BIH,70,Proportion of schools with improved drinking water sources,2022,100,Total,,%,,,,Total
Bosnia and Herzegovina,BA,BIH,70,Proportion of schools with improved drinking water sources,2023,100,Total,,%,,,,Total
Botswana,BW,BWA,72,Proportion of schools with improved drinking water sources,2000,100,Total,,%,,,,Total
Botswana,BW,BWA,72,Proportion of schools with improved drinking water sources,2001,100,Total,,%,,,,Total
Botswana,BW,BWA,72,Proportion of schools with improved drinking water sources,2002,100,Total,,%,,,,Total
Botswana,BW,BWA,72,Proportion of schools with improved drinking water sources,2003,100,Total,,%,,,,Total
Botswana,BW,BWA,72,Proportion of schools with improved drinking water sources,2004,100,Total,,%,,,,Total
Botswana,BW,BWA,72,Proportion of schools with improved drinking water sources,2005,100,Total,,%,,,,Total
Botswana,BW,BWA,72,Proportion of schools with improved drinking water sources,2006,100,Total,,%,,,,Total
Botswana,BW,BWA,72,Proportion of schools with improved drinking water sources,2007,100,Total,,%,,,,Total
Botswana,BW,BWA,72,Proportion of schools with improved drinking water sources,2008,100,Total,,%,,,,Total
Botswana,BW,BWA,72,Proportion of schools with improved drinking water sources,2009,93.8,Total,,%,,,,Total
Botswana,BW,BWA,72,Proportion of schools with improved drinking water sources,2010,93.8,Total,,%,,,,Total
Botswana,BW,BWA,72,Proportion of schools with improved drinking water sources,2011,93.8,Total,,%,,,,Total
Botswana,BW,BWA,72,Proportion of schools with improved drinking water sources,2012,93.8,Total,,%,,,,Total
Botswana,BW,BWA,72,Proportion of schools with improved drinking water sources,2013,93.8,Total,,%,,,,Total
Botswana,BW,BWA,72,Proportion of schools with improved drinking water sources,2014,93.8,Total,,%,,,,Total
Botswana,BW,BWA,72,Proportion of schools with improved drinking water sources,2015,93.8,Total,,%,,,,Total
Botswana,BW,BWA,72,Proportion of schools with improved drinking water sources,2016,93.8,Total,,%,,,,Total
Botswana,BW,BWA,72,Proportion of schools with improved drinking water sources,2017,93.8,Total,,%,,,,Total
Botswana,BW,BWA,72,Proportion of schools with improved drinking water sources,2018,100,Total,,%,,,,Total
Botswana,BW,BWA,72,Proportion of schools with improved drinking water sources,2019,100,Total,,%,,,,Total
Botswana,BW,BWA,72,Proportion of schools with improved drinking water sources,2020,100,Total,,%,,,,Total
Botswana,BW,BWA,72,Proportion of schools with improved drinking water sources,2021,100,Total,,%,,,,Total
Botswana,BW,BWA,72,Proportion of schools with improved drinking water sources,2022,100,Total,,%,,,,Total
Botswana,BW,BWA,72,Proportion of schools with improved drinking water sources,2023,100,Total,,%,,,,Total
Brazil,BR,BRA,76,Proportion of schools with improved drinking water sources,2000,67.85251643542279,Total,,%,,,,Total
Brazil,BR,BRA,76,Proportion of schools with improved drinking water sources,2001,68.76483628565666,Total,,%,,,,Total
Brazil,BR,BRA,76,Proportion of schools with improved drinking water sources,2002,69.67715613589053,Total,,%,,,,Total
Brazil,BR,BRA,76,Proportion of schools with improved drinking water sources,2003,70.58947598612417,Total,,%,,,,Total
Brazil,BR,BRA,76,Proportion of schools with improved drinking water sources,2004,71.50179583635804,Total,,%,,,,Total
Brazil,BR,BRA,76,Proportion of schools with improved drinking water sources,2005,72.41411568659191,Total,,%,,,,Total
Brazil,BR,BRA,76,Proportion of schools with improved drinking water sources,2006,73.32643553682578,Total,,%,,,,Total
Brazil,BR,BRA,76,Proportion of schools with improved drinking water sources,2007,74.23875538705943,Total,,%,,,,Total
Brazil,BR,BRA,76,Proportion of schools with improved drinking water sources,2008,75.1510752372933,Total,,%,,,,Total
Brazil,BR,BRA,76,Proportion of schools with improved drinking water sources,2009,76.06339508752717,Total,,%,,,,Total
Brazil,BR,BRA,76,Proportion of schools with improved drinking water sources,2010,76.97571493776104,Total,,%,,,,Total
Brazil,BR,BRA,76,Proportion of schools with improved drinking water sources,2011,77.88803478799468,Total,,%,,,,Total
Brazil,BR,BRA,76,Proportion of schools with improved drinking water sources,2012,78.80035463822855,Total,,%,,,,Total
Brazil,BR,BRA,76,Proportion of schools with improved drinking water sources,2013,79.71267448846243,Total,,%,,,,Total
Brazil,BR,BRA,76,Proportion of schools with improved drinking water sources,2014,80.6249943386963,Total,,%,,,,Total
Brazil,BR,BRA,76,Proportion of schools with improved drinking water sources,2015,81.53731418892994,Total,,%,,,,Total
Brazil,BR,BRA,76,Proportion of schools with improved drinking water sources,2016,82.44963403916381,Total,,%,,,,Total
Brazil,BR,BRA,76,Proportion of schools with improved drinking water sources,2017,83.36195388939768,Total,,%,,,,Total
Brazil,BR,BRA,76,Proportion of schools with improved drinking water sources,2018,84.27427373963155,Total,,%,,,,Total
Brazil,BR,BRA,76,Proportion of schools with improved drinking water sources,2019,85.1865935898652,Total,,%,,,,Total
Brazil,BR,BRA,76,Proportion of schools with improved drinking water sources,2020,86.09891344009907,Total,,%,,,,Total
Brazil,BR,BRA,76,Proportion of schools with improved drinking water sources,2021,87.01123329033294,Total,,%,,,,Total
Brazil,BR,BRA,76,Proportion of schools with improved drinking water sources,2022,87.92355314056681,Total,,%,,,,Total
Brazil,BR,BRA,76,Proportion of schools with improved drinking water sources,2023,88.83587299080045,Total,,%,,,,Total
"Virgin Islands, British",VG,VGB,92,Proportion of schools with improved drinking water sources,2000,100,Total,,%,,,,Total
"Virgin Islands, British",VG,VGB,92,Proportion of schools with improved drinking water sources,2001,100,Total,,%,,,,Total
"Virgin Islands, British",VG,VGB,92,Proportion of schools with improved drinking water sources,2002,100,Total,,%,,,,Total
"Virgin Islands, British",VG,VGB,92,Proportion of schools with improved drinking water sources,2003,100,Total,,%,,,,Total
"Virgin Islands, British",VG,VGB,92,Proportion of schools with improved drinking water sources,2004,100,Total,,%,,,,Total
"Virgin Islands, British",VG,VGB,92,Proportion of schools with improved drinking water sources,2005,100,Total,,%,,,,Total
"Virgin Islands, British",VG,VGB,92,Proportion of schools with improved drinking water sources,2006,100,Total,,%,,,,Total
"Virgin Islands, British",VG,VGB,92,Proportion of schools with improved drinking water sources,2007,100,Total,,%,,,,Total
"Virgin Islands, British",VG,VGB,92,Proportion of schools with improved drinking water sources,2008,100,Total,,%,,,,Total
"Virgin Islands, British",VG,VGB,92,Proportion of schools with improved drinking water sources,2009,100,Total,,%,,,,Total
"Virgin Islands, British",VG,VGB,92,Proportion of schools with improved drinking water sources,2010,100,Total,,%,,,,Total
"Virgin Islands, British",VG,VGB,92,Proportion of schools with improved drinking water sources,2011,100,Total,,%,,,,Total
"Virgin Islands, British",VG,VGB,92,Proportion of schools with improved drinking water sources,2012,100,Total,,%,,,,Total
"Virgin Islands, British",VG,VGB,92,Proportion of schools with improved drinking water sources,2013,100,Total,,%,,,,Total
"Virgin Islands, British",VG,VGB,92,Proportion of schools with improved drinking water sources,2014,100,Total,,%,,,,Total
"Virgin Islands, British",VG,VGB,92,Proportion of schools with improved drinking water sources,2015,100,Total,,%,,,,Total
"Virgin Islands, British",VG,VGB,92,Proportion of schools with improved drinking water sources,2016,100,Total,,%,,,,Total
"Virgin Islands, British",VG,VGB,92,Proportion of schools with improved drinking water sources,2017,100,Total,,%,,,,Total
"Virgin Islands, British",VG,VGB,92,Proportion of schools with improved drinking water sources,2018,100,Total,,%,,,,Total
"Virgin Islands, British",VG,VGB,92,Proportion of schools with improved drinking water sources,2019,100,Total,,%,,,,Total
"Virgin Islands, British",VG,VGB,92,Proportion of schools with improved drinking water sources,2020,100,Total,,%,,,,Total
"Virgin Islands, British",VG,VGB,92,Proportion of schools with improved drinking water sources,2021,100,Total,,%,,,,Total
"Virgin Islands, British",VG,VGB,92,Proportion of schools with improved drinking water sources,2022,100,Total,,%,,,,Total
"Virgin Islands, British",VG,VGB,92,Proportion of schools with improved drinking water sources,2023,100,Total,,%,,,,Total
Burkina Faso,BF,BFA,854,Proportion of schools with improved drinking water sources,2006,45.23588187166115,Total,,%,,,,Total
Burkina Faso,BF,BFA,854,Proportion of schools with improved drinking water sources,2007,45.23588187166115,Total,,%,,,,Total
Burkina Faso,BF,BFA,854,Proportion of schools with improved drinking water sources,2008,45.23588187166115,Total,,%,,,,Total
Burkina Faso,BF,BFA,854,Proportion of schools with improved drinking water sources,2009,45.23588187166115,Total,,%,,,,Total
Burkina Faso,BF,BFA,854,Proportion of schools with improved drinking water sources,2010,45.23588187166115,Total,,%,,,,Total
Burkina Faso,BF,BFA,854,Proportion of schools with improved drinking water sources,2011,47.30994231847126,Total,,%,,,,Total
Burkina Faso,BF,BFA,854,Proportion of schools with improved drinking water sources,2012,49.38400276528137,Total,,%,,,,Total
Burkina Faso,BF,BFA,854,Proportion of schools with improved drinking water sources,2013,51.45806321209147,Total,,%,,,,Total
Burkina Faso,BF,BFA,854,Proportion of schools with improved drinking water sources,2014,53.53212365890158,Total,,%,,,,Total
Burkina Faso,BF,BFA,854,Proportion of schools with improved drinking water sources,2015,55.60618410571169,Total,,%,,,,Total
Burkina Faso,BF,BFA,854,Proportion of schools with improved drinking water sources,2016,57.6802445525218,Total,,%,,,,Total
Burkina Faso,BF,BFA,854,Proportion of schools with improved drinking water sources,2017,59.75430499933191,Total,,%,,,,Total
Burkina Faso,BF,BFA,854,Proportion of schools with improved drinking water sources,2018,61.82836544614202,Total,,%,,,,Total
Burkina Faso,BF,BFA,854,Proportion of schools with improved drinking water sources,2019,63.90242589295212,Total,,%,,,,Total
Burkina Faso,BF,BFA,854,Proportion of schools with improved drinking water sources,2020,65.97648633976223,Total,,%,,,,Total
Burkina Faso,BF,BFA,854,Proportion of schools with improved drinking water sources,2021,68.05054678657234,Total,,%,,,,Total
Burkina Faso,BF,BFA,854,Proportion of schools with improved drinking water sources,2022,70.12460723338245,Total,,%,,,,Total
Burkina Faso,BF,BFA,854,Proportion of schools with improved drinking water sources,2023,72.19866768019254,Total,,%,,,,Total
Burundi,BI,BDI,108,Proportion of schools with improved drinking water sources,2005,29.07999687830215,Total,,%,,,,Total
Burundi,BI,BDI,108,Proportion of schools with improved drinking water sources,2006,29.07999687830215,Total,,%,,,,Total
Burundi,BI,BDI,108,Proportion of schools with improved drinking water sources,2007,29.07999687830215,Total,,%,,,,Total
Burundi,BI,BDI,108,Proportion of schools with improved drinking water sources,2008,29.07999687830215,Total,,%,,,,Total
Burundi,BI,BDI,108,Proportion of schools with improved drinking water sources,2009,29.07999687830215,Total,,%,,,,Total
Burundi,BI,BDI,108,Proportion of schools with improved drinking water sources,2010,32.02263729117021,Total,,%,,,,Total
Burundi,BI,BDI,108,Proportion of schools with improved drinking water sources,2011,34.96527770403827,Total,,%,,,,Total
Burundi,BI,BDI,108,Proportion of schools with improved drinking water sources,2012,37.90791811690633,Total,,%,,,,Total
Burundi,BI,BDI,108,Proportion of schools with improved drinking water sources,2013,40.85055852977439,Total,,%,,,,Total
Burundi,BI,BDI,108,Proportion of schools with improved drinking water sources,2014,43.79319894264245,Total,,%,,,,Total
Burundi,BI,BDI,108,Proportion of schools with improved drinking water sources,2015,46.73583935551051,Total,,%,,,,Total
Burundi,BI,BDI,108,Proportion of schools with improved drinking water sources,2016,49.67847976837857,Total,,%,,,,Total
Burundi,BI,BDI,108,Proportion of schools with improved drinking water sources,2017,52.62112018124753,Total,,%,,,,Total
Burundi,BI,BDI,108,Proportion of schools with improved drinking water sources,2018,55.5637605941156,Total,,%,,,,Total
Burundi,BI,BDI,108,Proportion of schools with improved drinking water sources,2019,58.50640100698365,Total,,%,,,,Total
Burundi,BI,BDI,108,Proportion of schools with improved drinking water sources,2020,61.44904141985171,Total,,%,,,,Total
Burundi,BI,BDI,108,Proportion of schools with improved drinking water sources,2021,61.44904141985171,Total,,%,,,,Total
Burundi,BI,BDI,108,Proportion of schools with improved drinking water sources,2022,61.44904141985171,Total,,%,,,,Total
Burundi,BI,BDI,108,Proportion of schools with improved drinking water sources,2023,61.44904141985171,Total,,%,,,,Total
Cape Verde,CV,CPV,132,Proportion of schools with improved drinking water sources,2004,92.43999672089593,Total,,%,,,,Total
Cape Verde,CV,CPV,132,Proportion of schools with improved drinking water sources,2005,92.43999672089593,Total,,%,,,,Total
Cape Verde,CV,CPV,132,Proportion of schools with improved drinking water sources,2006,92.43999672089593,Total,,%,,,,Total
Cape Verde,CV,CPV,132,Proportion of schools with improved drinking water sources,2007,92.43999672089593,Total,,%,,,,Total
Cape Verde,CV,CPV,132,Proportion of schools with improved drinking water sources,2008,92.43999672089593,Total,,%,,,,Total
Cape Verde,CV,CPV,132,Proportion of schools with improved drinking water sources,2009,92.96639896711997,Total,,%,,,,Total
Cape Verde,CV,CPV,132,Proportion of schools with improved drinking water sources,2010,93.49280121334425,Total,,%,,,,Total
Cape Verde,CV,CPV,132,Proportion of schools with improved drinking water sources,2011,94.01920345956853,Total,,%,,,,Total
Cape Verde,CV,CPV,132,Proportion of schools with improved drinking water sources,2012,94.54560570579281,Total,,%,,,,Total
Cape Verde,CV,CPV,132,Proportion of schools with improved drinking water sources,2013,95.07200795201709,Total,,%,,,,Total
Cape Verde,CV,CPV,132,Proportion of schools with improved drinking water sources,2014,95.59841019824137,Total,,%,,,,Total
Cape Verde,CV,CPV,132,Proportion of schools with improved drinking water sources,2015,96.12481244446563,Total,,%,,,,Total
Cape Verde,CV,CPV,132,Proportion of schools with improved drinking water sources,2016,96.65121469068993,Total,,%,,,,Total
Cape Verde,CV,CPV,132,Proportion of schools with improved drinking water sources,2017,97.17761693691421,Total,,%,,,,Total
Cape Verde,CV,CPV,132,Proportion of schools with improved drinking water sources,2018,97.70401918313848,Total,,%,,,,Total
Cape Verde,CV,CPV,132,Proportion of schools with improved drinking water sources,2019,98.23042142936276,Total,,%,,,,Total
Cape Verde,CV,CPV,132,Proportion of schools with improved drinking water sources,2020,98.75682367558704,Total,,%,,,,Total
Cape Verde,CV,CPV,132,Proportion of schools with improved drinking water sources,2021,99.28322592181132,Total,,%,,,,Total
Cape Verde,CV,CPV,132,Proportion of schools with improved drinking water sources,2022,99.8096281680356,Total,,%,,,,Total
Cape Verde,CV,CPV,132,Proportion of schools with improved drinking water sources,2023,99.8096281680356,Total,,%,,,,Total
Cambodia,KH,KHM,116,Proportion of schools with improved drinking water sources,2014,94.99317902739585,Total,,%,,,,Total
Cambodia,KH,KHM,116,Proportion of schools with improved drinking water sources,2015,94.99317902739585,Total,,%,,,,Total
Cambodia,KH,KHM,116,Proportion of schools with improved drinking water sources,2016,94.99317902739585,Total,,%,,,,Total
Cambodia,KH,KHM,116,Proportion of schools with improved drinking water sources,2017,94.99317902739585,Total,,%,,,,Total
Cambodia,KH,KHM,116,Proportion of schools with improved drinking water sources,2018,94.99317902739585,Total,,%,,,,Total
Cambodia,KH,KHM,116,Proportion of schools with improved drinking water sources,2019,93.70581207761188,Total,,%,,,,Total
Cambodia,KH,KHM,116,Proportion of schools with improved drinking water sources,2020,92.41844512782836,Total,,%,,,,Total
Cambodia,KH,KHM,116,Proportion of schools with improved drinking water sources,2021,91.13107817804439,Total,,%,,,,Total
Cambodia,KH,KHM,116,Proportion of schools with improved drinking water sources,2022,89.84371122826042,Total,,%,,,,Total
Cambodia,KH,KHM,116,Proportion of schools with improved drinking water sources,2023,88.5563442784769,Total,,%,,,,Total
Cameroon,CM,CMR,120,Proportion of schools with improved drinking water sources,2005,32.03222072347353,Total,,%,,,,Total
Cameroon,CM,CMR,120,Proportion of schools with improved drinking water sources,2006,32.03222072347353,Total,,%,,,,Total
Cameroon,CM,CMR,120,Proportion of schools with improved drinking water sources,2007,32.03222072347353,Total,,%,,,,Total
Cameroon,CM,CMR,120,Proportion of schools with improved drinking water sources,2008,32.03222072347353,Total,,%,,,,Total
Cameroon,CM,CMR,120,Proportion of schools with improved drinking water sources,2009,32.03222072347353,Total,,%,,,,Total
Cameroon,CM,CMR,120,Proportion of schools with improved drinking water sources,2010,33.73516981510602,Total,,%,,,,Total
Cameroon,CM,CMR,120,Proportion of schools with improved drinking water sources,2011,35.43811890673851,Total,,%,,,,Total
Cameroon,CM,CMR,120,Proportion of schools with improved drinking water sources,2012,37.141067998371,Total,,%,,,,Total
Cameroon,CM,CMR,120,Proportion of schools with improved drinking water sources,2013,38.84401709000349,Total,,%,,,,Total
Cameroon,CM,CMR,120,Proportion of schools with improved drinking water sources,2014,40.54696618163644,Total,,%,,,,Total
Cameroon,CM,CMR,120,Proportion of schools with improved drinking water sources,2015,42.24991527326893,Total,,%,,,,Total
Cameroon,CM,CMR,120,Proportion of schools with improved drinking water sources,2016,43.95286436490142,Total,,%,,,,Total
Cameroon,CM,CMR,120,Proportion of schools with improved drinking water sources,2017,45.65581345653391,Total,,%,,,,Total
Cameroon,CM,CMR,120,Proportion of schools with improved drinking water sources,2018,47.3587625481664,Total,,%,,,,Total
Cameroon,CM,CMR,120,Proportion of schools with improved drinking water sources,2019,49.06171163979889,Total,,%,,,,Total
Cameroon,CM,CMR,120,Proportion of schools with improved drinking water sources,2020,50.76466073143182,Total,,%,,,,Total
Cameroon,CM,CMR,120,Proportion of schools with improved drinking water sources,2021,52.46760982306432,Total,,%,,,,Total
Cameroon,CM,CMR,120,Proportion of schools with improved drinking water sources,2022,54.17055891469681,Total,,%,,,,Total
Cameroon,CM,CMR,120,Proportion of schools with improved drinking water sources,2023,55.8735080063293,Total,,%,,,,Total
Cayman Islands,KY,CYM,136,Proportion of schools with improved drinking water sources,2000,100,Total,,%,,,,Total
Cayman Islands,KY,CYM,136,Proportion of schools with improved drinking water sources,2001,100,Total,,%,,,,Total
Cayman Islands,KY,CYM,136,Proportion of schools with improved drinking water sources,2002,100,Total,,%,,,,Total
Cayman Islands,KY,CYM,136,Proportion of schools with improved drinking water sources,2003,100,Total,,%,,,,Total
Cayman Islands,KY,CYM,136,Proportion of schools with improved drinking water sources,2004,100,Total,,%,,,,Total
Cayman Islands,KY,CYM,136,Proportion of schools with improved drinking water sources,2005,100,Total,,%,,,,Total
Cayman Islands,KY,CYM,136,Proportion of schools with improved drinking water sources,2006,100,Total,,%,,,,Total
Cayman Islands,KY,CYM,136,Proportion of schools with improved drinking water sources,2007,100,Total,,%,,,,Total
Cayman Islands,KY,CYM,136,Proportion of schools with improved drinking water sources,2008,100,Total,,%,,,,Total
Cayman Islands,KY,CYM,136,Proportion of schools with improved drinking water sources,2009,100,Total,,%,,,,Total
Cayman Islands,KY,CYM,136,Proportion of schools with improved drinking water sources,2010,100,Total,,%,,,,Total
Cayman Islands,KY,CYM,136,Proportion of schools with improved drinking water sources,2011,100,Total,,%,,,,Total
Cayman Islands,KY,CYM,136,Proportion of schools with improved drinking water sources,2012,100,Total,,%,,,,Total
Cayman Islands,KY,CYM,136,Proportion of schools with improved drinking water sources,2013,100,Total,,%,,,,Total
Cayman Islands,KY,CYM,136,Proportion of schools with improved drinking water sources,2014,100,Total,,%,,,,Total
Cayman Islands,KY,CYM,136,Proportion of schools with improved drinking water sources,2015,100,Total,,%,,,,Total
Cayman Islands,KY,CYM,136,Proportion of schools with improved drinking water sources,2016,100,Total,,%,,,,Total
Cayman Islands,KY,CYM,136,Proportion of schools with improved drinking water sources,2017,100,Total,,%,,,,Total
Cayman Islands,KY,CYM,136,Proportion of schools with improved drinking water sources,2018,100,Total,,%,,,,Total
Cayman Islands,KY,CYM,136,Proportion of schools with improved drinking water sources,2019,100,Total,,%,,,,Total
Cayman Islands,KY,CYM,136,Proportion of schools with improved drinking water sources,2020,100,Total,,%,,,,Total
Cayman Islands,KY,CYM,136,Proportion of schools with improved drinking water sources,2021,100,Total,,%,,,,Total
Cayman Islands,KY,CYM,136,Proportion of schools with improved drinking water sources,2022,100,Total,,%,,,,Total
Cayman Islands,KY,CYM,136,Proportion of schools with improved drinking water sources,2023,100,Total,,%,,,,Total
Central African Republic,CF,CAF,140,Proportion of schools with improved drinking water sources,2004,24.94651107700133,Total,,%,,,,Total
Central African Republic,CF,CAF,140,Proportion of schools with improved drinking water sources,2005,24.94651107700133,Total,,%,,,,Total
Central African Republic,CF,CAF,140,Proportion of schools with improved drinking water sources,2006,24.94651107700133,Total,,%,,,,Total
Central African Republic,CF,CAF,140,Proportion of schools with improved drinking water sources,2007,24.94651107700133,Total,,%,,,,Total
Central African Republic,CF,CAF,140,Proportion of schools with improved drinking water sources,2008,24.94651107700133,Total,,%,,,,Total
Central African Republic,CF,CAF,140,Proportion of schools with improved drinking water sources,2009,24.79766543372835,Total,,%,,,,Total
Central African Republic,CF,CAF,140,Proportion of schools with improved drinking water sources,2010,24.64881979045538,Total,,%,,,,Total
Central African Republic,CF,CAF,140,Proportion of schools with improved drinking water sources,2011,24.4999741471824,Total,,%,,,,Total
Central African Republic,CF,CAF,140,Proportion of schools with improved drinking water sources,2012,24.35112850390942,Total,,%,,,,Total
Central African Republic,CF,CAF,140,Proportion of schools with improved drinking water sources,2013,24.20228286063644,Total,,%,,,,Total
Central African Republic,CF,CAF,140,Proportion of schools with improved drinking water sources,2014,24.05343721736347,Total,,%,,,,Total
Central African Republic,CF,CAF,140,Proportion of schools with improved drinking water sources,2015,23.90459157409043,Total,,%,,,,Total
Central African Republic,CF,CAF,140,Proportion of schools with improved drinking water sources,2016,23.75574593081745,Total,,%,,,,Total
Central African Republic,CF,CAF,140,Proportion of schools with improved drinking water sources,2017,23.60690028754448,Total,,%,,,,Total
Central African Republic,CF,CAF,140,Proportion of schools with improved drinking water sources,2018,23.4580546442715,Total,,%,,,,Total
Central African Republic,CF,CAF,140,Proportion of schools with improved drinking water sources,2019,23.30920900099852,Total,,%,,,,Total
Central African Republic,CF,CAF,140,Proportion of schools with improved drinking water sources,2020,23.30920900099852,Total,,%,,,,Total
Central African Republic,CF,CAF,140,Proportion of schools with improved drinking water sources,2021,23.30920900099852,Total,,%,,,,Total
Central African Republic,CF,CAF,140,Proportion of schools with improved drinking water sources,2022,23.30920900099852,Total,,%,,,,Total
Central African Republic,CF,CAF,140,Proportion of schools with improved drinking water sources,2023,23.30920900099852,Total,,%,,,,Total
Chad,TD,TCD,148,Proportion of schools with improved drinking water sources,2005,11.22428644014053,Total,,%,,,,Total
Chad,TD,TCD,148,Proportion of schools with improved drinking water sources,2006,11.22428644014053,Total,,%,,,,Total
Chad,TD,TCD,148,Proportion of schools with improved drinking water sources,2007,11.22428644014053,Total,,%,,,,Total
Chad,TD,TCD,148,Proportion of schools with improved drinking water sources,2008,11.22428644014053,Total,,%,,,,Total
Chad,TD,TCD,148,Proportion of schools with improved drinking water sources,2009,11.22428644014053,Total,,%,,,,Total
Chad,TD,TCD,148,Proportion of schools with improved drinking water sources,2010,13.63285496339267,Total,,%,,,,Total
Chad,TD,TCD,148,Proportion of schools with improved drinking water sources,2011,16.04142348664391,Total,,%,,,,Total
Chad,TD,TCD,148,Proportion of schools with improved drinking water sources,2012,18.44999200989605,Total,,%,,,,Total
Chad,TD,TCD,148,Proportion of schools with improved drinking water sources,2013,20.85856053314819,Total,,%,,,,Total
Chad,TD,TCD,148,Proportion of schools with improved drinking water sources,2014,23.26712905639943,Total,,%,,,,Total
Chad,TD,TCD,148,Proportion of schools with improved drinking water sources,2015,25.67569757965157,Total,,%,,,,Total
Chad,TD,TCD,148,Proportion of schools with improved drinking water sources,2016,28.0842661029028,Total,,%,,,,Total
Chad,TD,TCD,148,Proportion of schools with improved drinking water sources,2017,30.49283462615494,Total,,%,,,,Total
Chad,TD,TCD,148,Proportion of schools with improved drinking water sources,2018,32.90140314940618,Total,,%,,,,Total
Chad,TD,TCD,148,Proportion of schools with improved drinking water sources,2019,35.30997167265832,Total,,%,,,,Total
Chad,TD,TCD,148,Proportion of schools with improved drinking water sources,2020,37.71854019591046,Total,,%,,,,Total
Chad,TD,TCD,148,Proportion of schools with improved drinking water sources,2021,40.1271087191617,Total,,%,,,,Total
Chad,TD,TCD,148,Proportion of schools with improved drinking water sources,2022,42.53567724241384,Total,,%,,,,Total
Chad,TD,TCD,148,Proportion of schools with improved drinking water sources,2023,44.94424576566507,Total,,%,,,,Total
Chile,CL,CHL,152,Proportion of schools with improved drinking water sources,2000,91.02857142857147,Total,,%,,,,Total
Chile,CL,CHL,152,Proportion of schools with improved drinking water sources,2001,91.02857142857147,Total,,%,,,,Total
Chile,CL,CHL,152,Proportion of schools with improved drinking water sources,2002,91.02857142857147,Total,,%,,,,Total
Chile,CL,CHL,152,Proportion of schools with improved drinking water sources,2003,91.02857142857147,Total,,%,,,,Total
Chile,CL,CHL,152,Proportion of schools with improved drinking water sources,2004,91.02857142857147,Total,,%,,,,Total
Chile,CL,CHL,152,Proportion of schools with improved drinking water sources,2005,91.51428571428573,Total,,%,,,,Total
Chile,CL,CHL,152,Proportion of schools with improved drinking water sources,2006,92.00000000000001,Total,,%,,,,Total
Chile,CL,CHL,152,Proportion of schools with improved drinking water sources,2007,92.48571428571438,Total,,%,,,,Total
Chile,CL,CHL,152,Proportion of schools with improved drinking water sources,2008,92.97142857142865,Total,,%,,,,Total
Chile,CL,CHL,152,Proportion of schools with improved drinking water sources,2009,93.45714285714291,Total,,%,,,,Total
Chile,CL,CHL,152,Proportion of schools with improved drinking water sources,2010,93.94285714285718,Total,,%,,,,Total
Chile,CL,CHL,152,Proportion of schools with improved drinking water sources,2011,94.42857142857144,Total,,%,,,,Total
Chile,CL,CHL,152,Proportion of schools with improved drinking water sources,2012,94.91428571428582,Total,,%,,,,Total
Chile,CL,CHL,152,Proportion of schools with improved drinking water sources,2013,95.40000000000009,Total,,%,,,,Total
Chile,CL,CHL,152,Proportion of schools with improved drinking water sources,2014,95.88571428571436,Total,,%,,,,Total
Chile,CL,CHL,152,Proportion of schools with improved drinking water sources,2015,96.37142857142861,Total,,%,,,,Total
Chile,CL,CHL,152,Proportion of schools with improved drinking water sources,2016,96.37142857142861,Total,,%,,,,Total
Chile,CL,CHL,152,Proportion of schools with improved drinking water sources,2017,96.37142857142861,Total,,%,,,,Total
Chile,CL,CHL,152,Proportion of schools with improved drinking water sources,2018,96.37142857142861,Total,,%,,,,Total
Chile,CL,CHL,152,Proportion of schools with improved drinking water sources,2019,96.37142857142861,Total,,%,,,,Total
China,CN,CHN,156,Proportion of schools with improved drinking water sources,2005,96.04077652647129,Total,,%,,,,Total
China,CN,CHN,156,Proportion of schools with improved drinking water sources,2006,96.04077652647129,Total,,%,,,,Total
China,CN,CHN,156,Proportion of schools with improved drinking water sources,2007,96.04077652647129,Total,,%,,,,Total
China,CN,CHN,156,Proportion of schools with improved drinking water sources,2008,96.04077652647129,Total,,%,,,,Total
China,CN,CHN,156,Proportion of schools with improved drinking water sources,2009,96.04077652647129,Total,,%,,,,Total
China,CN,CHN,156,Proportion of schools with improved drinking water sources,2010,96.36567593846758,Total,,%,,,,Total
China,CN,CHN,156,Proportion of schools with improved drinking water sources,2011,96.69057535046375,Total,,%,,,,Total
China,CN,CHN,156,Proportion of schools with improved drinking water sources,2012,97.01547476245992,Total,,%,,,,Total
China,CN,CHN,156,Proportion of schools with improved drinking water sources,2013,97.3403741744562,Total,,%,,,,Total
China,CN,CHN,156,Proportion of schools with improved drinking water sources,2014,97.66527358645237,Total,,%,,,,Total
China,CN,CHN,156,Proportion of schools with improved drinking water sources,2015,97.99017299844853,Total,,%,,,,Total
China,CN,CHN,156,Proportion of schools with improved drinking water sources,2016,98.31507241044483,Total,,%,,,,Total
China,CN,CHN,156,Proportion of schools with improved drinking water sources,2017,98.639971822441,Total,,%,,,,Total
China,CN,CHN,156,Proportion of schools with improved drinking water sources,2018,98.96487123443717,Total,,%,,,,Total
China,CN,CHN,156,Proportion of schools with improved drinking water sources,2019,99.28977064643345,Total,,%,,,,Total
China,CN,CHN,156,Proportion of schools with improved drinking water sources,2020,99.61467005842962,Total,,%,,,,Total
China,CN,CHN,156,Proportion of schools with improved drinking water sources,2021,99.93956947042579,Total,,%,,,,Total
China,CN,CHN,156,Proportion of schools with improved drinking water sources,2022,100,Total,,%,,,,Total
China,CN,CHN,156,Proportion of schools with improved drinking water sources,2023,100,Total,,%,,,,Total
Hong Kong,HK,HKG,344,Proportion of schools with improved drinking water sources,2000,100,Total,,%,,,,Total
Hong Kong,HK,HKG,344,Proportion of schools with improved drinking water sources,2001,100,Total,,%,,,,Total
Hong Kong,HK,HKG,344,Proportion of schools with improved drinking water sources,2002,100,Total,,%,,,,Total
Hong Kong,HK,HKG,344,Proportion of schools with improved drinking water sources,2003,100,Total,,%,,,,Total
Hong Kong,HK,HKG,344,Proportion of schools with improved drinking water sources,2004,100,Total,,%,,,,Total
Hong Kong,HK,HKG,344,Proportion of schools with improved drinking water sources,2005,100,Total,,%,,,,Total
Hong Kong,HK,HKG,344,Proportion of schools with improved drinking water sources,2006,100,Total,,%,,,,Total
Hong Kong,HK,HKG,344,Proportion of schools with improved drinking water sources,2007,100,Total,,%,,,,Total
Hong Kong,HK,HKG,344,Proportion of schools with improved drinking water sources,2008,100,Total,,%,,,,Total
Hong Kong,HK,HKG,344,Proportion of schools with improved drinking water sources,2009,100,Total,,%,,,,Total
Hong Kong,HK,HKG,344,Proportion of schools with improved drinking water sources,2010,100,Total,,%,,,,Total
Hong Kong,HK,HKG,344,Proportion of schools with improved drinking water sources,2011,100,Total,,%,,,,Total
Hong Kong,HK,HKG,344,Proportion of schools with improved drinking water sources,2012,100,Total,,%,,,,Total
Hong Kong,HK,HKG,344,Proportion of schools with improved drinking water sources,2013,100,Total,,%,,,,Total
Hong Kong,HK,HKG,344,Proportion of schools with improved drinking water sources,2014,100,Total,,%,,,,Total
Hong Kong,HK,HKG,344,Proportion of schools with improved drinking water sources,2015,100,Total,,%,,,,Total
Hong Kong,HK,HKG,344,Proportion of schools with improved drinking water sources,2016,100,Total,,%,,,,Total
Hong Kong,HK,HKG,344,Proportion of schools with improved drinking water sources,2017,100,Total,,%,,,,Total
Hong Kong,HK,HKG,344,Proportion of schools with improved drinking water sources,2018,100,Total,,%,,,,Total
Hong Kong,HK,HKG,344,Proportion of schools with improved drinking water sources,2019,100,Total,,%,,,,Total
Hong Kong,HK,HKG,344,Proportion of schools with improved drinking water sources,2020,100,Total,,%,,,,Total
Hong Kong,HK,HKG,344,Proportion of schools with improved drinking water sources,2021,100,Total,,%,,,,Total
Hong Kong,HK,HKG,344,Proportion of schools with improved drinking water sources,2022,100,Total,,%,,,,Total
Hong Kong,HK,HKG,344,Proportion of schools with improved drinking water sources,2023,100,Total,,%,,,,Total
Macao,MO,MAC,446,Proportion of schools with improved drinking water sources,2000,100,Total,,%,,,,Total
Macao,MO,MAC,446,Proportion of schools with improved drinking water sources,2001,100,Total,,%,,,,Total
Macao,MO,MAC,446,Proportion of schools with improved drinking water sources,2002,100,Total,,%,,,,Total
Macao,MO,MAC,446,Proportion of schools with improved drinking water sources,2003,100,Total,,%,,,,Total
Macao,MO,MAC,446,Proportion of schools with improved drinking water sources,2004,100,Total,,%,,,,Total
Macao,MO,MAC,446,Proportion of schools with improved drinking water sources,2005,100,Total,,%,,,,Total
Macao,MO,MAC,446,Proportion of schools with improved drinking water sources,2006,100,Total,,%,,,,Total
Macao,MO,MAC,446,Proportion of schools with improved drinking water sources,2007,100,Total,,%,,,,Total
Macao,MO,MAC,446,Proportion of schools with improved drinking water sources,2008,100,Total,,%,,,,Total
Macao,MO,MAC,446,Proportion of schools with improved drinking water sources,2009,100,Total,,%,,,,Total
Macao,MO,MAC,446,Proportion of schools with improved drinking water sources,2010,100,Total,,%,,,,Total
Macao,MO,MAC,446,Proportion of schools with improved drinking water sources,2011,100,Total,,%,,,,Total
Macao,MO,MAC,446,Proportion of schools with improved drinking water sources,2012,100,Total,,%,,,,Total
Macao,MO,MAC,446,Proportion of schools with improved drinking water sources,2013,100,Total,,%,,,,Total
Macao,MO,MAC,446,Proportion of schools with improved drinking water sources,2014,100,Total,,%,,,,Total
Macao,MO,MAC,446,Proportion of schools with improved drinking water sources,2015,100,Total,,%,,,,Total
Macao,MO,MAC,446,Proportion of schools with improved drinking water sources,2016,100,Total,,%,,,,Total
Macao,MO,MAC,446,Proportion of schools with improved drinking water sources,2017,100,Total,,%,,,,Total
Macao,MO,MAC,446,Proportion of schools with improved drinking water sources,2018,100,Total,,%,,,,Total
Macao,MO,MAC,446,Proportion of schools with improved drinking water sources,2019,100,Total,,%,,,,Total
Macao,MO,MAC,446,Proportion of schools with improved drinking water sources,2020,100,Total,,%,,,,Total
Macao,MO,MAC,446,Proportion of schools with improved drinking water sources,2021,100,Total,,%,,,,Total
Macao,MO,MAC,446,Proportion of schools with improved drinking water sources,2022,100,Total,,%,,,,Total
Macao,MO,MAC,446,Proportion of schools with improved drinking water sources,2023,100,Total,,%,,,,Total
Colombia,CO,COL,170,Proportion of schools with improved drinking water sources,2000,73.63891729323308,Total,,%,,,,Total
Colombia,CO,COL,170,Proportion of schools with improved drinking water sources,2001,73.63891729323308,Total,,%,,,,Total
Colombia,CO,COL,170,Proportion of schools with improved drinking water sources,2002,73.63891729323308,Total,,%,,,,Total
Colombia,CO,COL,170,Proportion of schools with improved drinking water sources,2003,73.63891729323308,Total,,%,,,,Total
Colombia,CO,COL,170,Proportion of schools with improved drinking water sources,2004,73.63891729323308,Total,,%,,,,Total
Colombia,CO,COL,170,Proportion of schools with improved drinking water sources,2005,73.84220477664746,Total,,%,,,,Total
Colombia,CO,COL,170,Proportion of schools with improved drinking water sources,2006,74.04549226006191,Total,,%,,,,Total
Colombia,CO,COL,170,Proportion of schools with improved drinking water sources,2007,74.24877974347635,Total,,%,,,,Total
Colombia,CO,COL,170,Proportion of schools with improved drinking water sources,2008,74.45206722689072,Total,,%,,,,Total
Colombia,CO,COL,170,Proportion of schools with improved drinking water sources,2009,74.65535471030518,Total,,%,,,,Total
Colombia,CO,COL,170,Proportion of schools with improved drinking water sources,2010,74.85864219371956,Total,,%,,,,Total
Colombia,CO,COL,170,Proportion of schools with improved drinking water sources,2011,75.061929677134,Total,,%,,,,Total
Colombia,CO,COL,170,Proportion of schools with improved drinking water sources,2012,75.26521716054839,Total,,%,,,,Total
Colombia,CO,COL,170,Proportion of schools with improved drinking water sources,2013,75.46850464396283,Total,,%,,,,Total
Colombia,CO,COL,170,Proportion of schools with improved drinking water sources,2014,75.67179212737727,Total,,%,,,,Total
Colombia,CO,COL,170,Proportion of schools with improved drinking water sources,2015,75.87507961079166,Total,,%,,,,Total
Colombia,CO,COL,170,Proportion of schools with improved drinking water sources,2016,76.0783670942061,Total,,%,,,,Total
Colombia,CO,COL,170,Proportion of schools with improved drinking water sources,2017,76.28165457762049,Total,,%,,,,Total
Colombia,CO,COL,170,Proportion of schools with improved drinking water sources,2018,76.48494206103493,Total,,%,,,,Total
Colombia,CO,COL,170,Proportion of schools with improved drinking water sources,2019,76.68822954444931,Total,,%,,,,Total
Colombia,CO,COL,170,Proportion of schools with improved drinking water sources,2020,76.89151702786376,Total,,%,,,,Total
Colombia,CO,COL,170,Proportion of schools with improved drinking water sources,2021,77.0948045112782,Total,,%,,,,Total
Colombia,CO,COL,170,Proportion of schools with improved drinking water sources,2022,77.0948045112782,Total,,%,,,,Total
Colombia,CO,COL,170,Proportion of schools with improved drinking water sources,2023,77.0948045112782,Total,,%,,,,Total
Comoros,KM,COM,174,Proportion of schools with improved drinking water sources,2006,11.57200897777599,Total,,%,,,,Total
Comoros,KM,COM,174,Proportion of schools with improved drinking water sources,2007,11.57200897777599,Total,,%,,,,Total
Comoros,KM,COM,174,Proportion of schools with improved drinking water sources,2008,11.57200897777599,Total,,%,,,,Total
Comoros,KM,COM,174,Proportion of schools with improved drinking water sources,2009,11.57200897777599,Total,,%,,,,Total
Comoros,KM,COM,174,Proportion of schools with improved drinking water sources,2010,11.57200897777599,Total,,%,,,,Total
Comoros,KM,COM,174,Proportion of schools with improved drinking water sources,2011,11.57200897777599,Total,,%,,,,Total
Comoros,KM,COM,174,Proportion of schools with improved drinking water sources,2012,11.57200897777599,Total,,%,,,,Total
Comoros,KM,COM,174,Proportion of schools with improved drinking water sources,2013,11.57200897777599,Total,,%,,,,Total
Comoros,KM,COM,174,Proportion of schools with improved drinking water sources,2014,11.57200897777599,Total,,%,,,,Total
Comoros,KM,COM,174,Proportion of schools with improved drinking water sources,2015,11.57200897777599,Total,,%,,,,Total
Comoros,KM,COM,174,Proportion of schools with improved drinking water sources,2016,11.57200897777599,Total,,%,,,,Total
Comoros,KM,COM,174,Proportion of schools with improved drinking water sources,2017,11.57200897777599,Total,,%,,,,Total
Comoros,KM,COM,174,Proportion of schools with improved drinking water sources,2018,11.57200897777599,Total,,%,,,,Total
Comoros,KM,COM,174,Proportion of schools with improved drinking water sources,2019,11.57200897777599,Total,,%,,,,Total
Cook Islands,CK,COK,184,Proportion of schools with improved drinking water sources,2000,100,Total,,%,,,,Total
Cook Islands,CK,COK,184,Proportion of schools with improved drinking water sources,2001,100,Total,,%,,,,Total
Cook Islands,CK,COK,184,Proportion of schools with improved drinking water sources,2002,100,Total,,%,,,,Total
Cook Islands,CK,COK,184,Proportion of schools with improved drinking water sources,2003,100,Total,,%,,,,Total
Cook Islands,CK,COK,184,Proportion of schools with improved drinking water sources,2004,100,Total,,%,,,,Total
Cook Islands,CK,COK,184,Proportion of schools with improved drinking water sources,2005,100,Total,,%,,,,Total
Cook Islands,CK,COK,184,Proportion of schools with improved drinking water sources,2006,100,Total,,%,,,,Total
Cook Islands,CK,COK,184,Proportion of schools with improved drinking water sources,2007,100,Total,,%,,,,Total
Cook Islands,CK,COK,184,Proportion of schools with improved drinking water sources,2008,100,Total,,%,,,,Total
Cook Islands,CK,COK,184,Proportion of schools with improved drinking water sources,2009,100,Total,,%,,,,Total
Cook Islands,CK,COK,184,Proportion of schools with improved drinking water sources,2010,100,Total,,%,,,,Total
Cook Islands,CK,COK,184,Proportion of schools with improved drinking water sources,2011,100,Total,,%,,,,Total
Cook Islands,CK,COK,184,Proportion of schools with improved drinking water sources,2012,100,Total,,%,,,,Total
Cook Islands,CK,COK,184,Proportion of schools with improved drinking water sources,2013,100,Total,,%,,,,Total
Cook Islands,CK,COK,184,Proportion of schools with improved drinking water sources,2014,100,Total,,%,,,,Total
Cook Islands,CK,COK,184,Proportion of schools with improved drinking water sources,2015,100,Total,,%,,,,Total
Cook Islands,CK,COK,184,Proportion of schools with improved drinking water sources,2016,100,Total,,%,,,,Total
Cook Islands,CK,COK,184,Proportion of schools with improved drinking water sources,2017,100,Total,,%,,,,Total
Cook Islands,CK,COK,184,Proportion of schools with improved drinking water sources,2018,100,Total,,%,,,,Total
Cook Islands,CK,COK,184,Proportion of schools with improved drinking water sources,2019,100,Total,,%,,,,Total
Cook Islands,CK,COK,184,Proportion of schools with improved drinking water sources,2020,100,Total,,%,,,,Total
Cook Islands,CK,COK,184,Proportion of schools with improved drinking water sources,2021,100,Total,,%,,,,Total
Cook Islands,CK,COK,184,Proportion of schools with improved drinking water sources,2022,100,Total,,%,,,,Total
Cook Islands,CK,COK,184,Proportion of schools with improved drinking water sources,2023,100,Total,,%,,,,Total
Costa Rica,CR,CRI,188,Proportion of schools with improved drinking water sources,2000,89.60688374296824,Total,,%,,,,Total
Costa Rica,CR,CRI,188,Proportion of schools with improved drinking water sources,2001,89.60688374296824,Total,,%,,,,Total
Costa Rica,CR,CRI,188,Proportion of schools with improved drinking water sources,2002,89.60688374296824,Total,,%,,,,Total
Costa Rica,CR,CRI,188,Proportion of schools with improved drinking water sources,2003,89.60688374296824,Total,,%,,,,Total
Costa Rica,CR,CRI,188,Proportion of schools with improved drinking water sources,2004,89.60688374296824,Total,,%,,,,Total
Costa Rica,CR,CRI,188,Proportion of schools with improved drinking water sources,2005,89.70545112316968,Total,,%,,,,Total
Costa Rica,CR,CRI,188,Proportion of schools with improved drinking water sources,2006,89.80401850337113,Total,,%,,,,Total
Costa Rica,CR,CRI,188,Proportion of schools with improved drinking water sources,2007,89.90258588357257,Total,,%,,,,Total
Costa Rica,CR,CRI,188,Proportion of schools with improved drinking water sources,2008,90.001153263774,Total,,%,,,,Total
Costa Rica,CR,CRI,188,Proportion of schools with improved drinking water sources,2009,90.0997206439755,Total,,%,,,,Total
Costa Rica,CR,CRI,188,Proportion of schools with improved drinking water sources,2010,90.19828802417693,Total,,%,,,,Total
Costa Rica,CR,CRI,188,Proportion of schools with improved drinking water sources,2011,90.29685540437838,Total,,%,,,,Total
Costa Rica,CR,CRI,188,Proportion of schools with improved drinking water sources,2012,90.39542278457982,Total,,%,,,,Total
Costa Rica,CR,CRI,188,Proportion of schools with improved drinking water sources,2013,90.49399016478127,Total,,%,,,,Total
Costa Rica,CR,CRI,188,Proportion of schools with improved drinking water sources,2014,90.59255754498271,Total,,%,,,,Total
Costa Rica,CR,CRI,188,Proportion of schools with improved drinking water sources,2015,90.69112492518418,Total,,%,,,,Total
Costa Rica,CR,CRI,188,Proportion of schools with improved drinking water sources,2016,90.78969230538563,Total,,%,,,,Total
Costa Rica,CR,CRI,188,Proportion of schools with improved drinking water sources,2017,90.88825968558707,Total,,%,,,,Total
Costa Rica,CR,CRI,188,Proportion of schools with improved drinking water sources,2018,90.98682706578852,Total,,%,,,,Total
Costa Rica,CR,CRI,188,Proportion of schools with improved drinking water sources,2019,91.08539444598996,Total,,%,,,,Total
Costa Rica,CR,CRI,188,Proportion of schools with improved drinking water sources,2020,91.18396182619139,Total,,%,,,,Total
Costa Rica,CR,CRI,188,Proportion of schools with improved drinking water sources,2021,91.28252920639289,Total,,%,,,,Total
Costa Rica,CR,CRI,188,Proportion of schools with improved drinking water sources,2022,91.38109658659432,Total,,%,,,,Total
Costa Rica,CR,CRI,188,Proportion of schools with improved drinking water sources,2023,91.47966396679577,Total,,%,,,,Total
Croatia,HR,HRV,191,Proportion of schools with improved drinking water sources,2018,96.36363636363636,Total,,%,,,,Total
Croatia,HR,HRV,191,Proportion of schools with improved drinking water sources,2019,96.36363636363636,Total,,%,,,,Total
Croatia,HR,HRV,191,Proportion of schools with improved drinking water sources,2020,96.36363636363636,Total,,%,,,,Total
Croatia,HR,HRV,191,Proportion of schools with improved drinking water sources,2021,96.36363636363636,Total,,%,,,,Total
Croatia,HR,HRV,191,Proportion of schools with improved drinking water sources,2022,96.36363636363636,Total,,%,,,,Total
Croatia,HR,HRV,191,Proportion of schools with improved drinking water sources,2023,96.36363636363636,Total,,%,,,,Total
Cuba,CU,CUB,192,Proportion of schools with improved drinking water sources,2000,94.29208633093525,Total,,%,,,,Total
Cuba,CU,CUB,192,Proportion of schools with improved drinking water sources,2001,94.29208633093525,Total,,%,,,,Total
Cuba,CU,CUB,192,Proportion of schools with improved drinking water sources,2002,94.29208633093525,Total,,%,,,,Total
Cuba,CU,CUB,192,Proportion of schools with improved drinking water sources,2003,94.29208633093525,Total,,%,,,,Total
Cuba,CU,CUB,192,Proportion of schools with improved drinking water sources,2004,94.29208633093525,Total,,%,,,,Total
Cuba,CU,CUB,192,Proportion of schools with improved drinking water sources,2005,94.5760191846523,Total,,%,,,,Total
Cuba,CU,CUB,192,Proportion of schools with improved drinking water sources,2006,94.85995203836933,Total,,%,,,,Total
Cuba,CU,CUB,192,Proportion of schools with improved drinking water sources,2007,95.14388489208625,Total,,%,,,,Total
Cuba,CU,CUB,192,Proportion of schools with improved drinking water sources,2008,95.42781774580328,Total,,%,,,,Total
Cuba,CU,CUB,192,Proportion of schools with improved drinking water sources,2009,95.71175059952031,Total,,%,,,,Total
Cuba,CU,CUB,192,Proportion of schools with improved drinking water sources,2010,95.99568345323735,Total,,%,,,,Total
Cuba,CU,CUB,192,Proportion of schools with improved drinking water sources,2011,96.27961630695438,Total,,%,,,,Total
Cuba,CU,CUB,192,Proportion of schools with improved drinking water sources,2012,96.56354916067141,Total,,%,,,,Total
Cuba,CU,CUB,192,Proportion of schools with improved drinking water sources,2013,96.84748201438843,Total,,%,,,,Total
Cuba,CU,CUB,192,Proportion of schools with improved drinking water sources,2014,97.13141486810548,Total,,%,,,,Total
Cuba,CU,CUB,192,Proportion of schools with improved drinking water sources,2015,97.41534772182251,Total,,%,,,,Total
Cuba,CU,CUB,192,Proportion of schools with improved drinking water sources,2016,97.69928057553955,Total,,%,,,,Total
Cuba,CU,CUB,192,Proportion of schools with improved drinking water sources,2017,97.98321342925658,Total,,%,,,,Total
Cuba,CU,CUB,192,Proportion of schools with improved drinking water sources,2018,98.26714628297361,Total,,%,,,,Total
Cuba,CU,CUB,192,Proportion of schools with improved drinking water sources,2019,98.55107913669065,Total,,%,,,,Total
Cuba,CU,CUB,192,Proportion of schools with improved drinking water sources,2020,98.83501199040766,Total,,%,,,,Total
Cuba,CU,CUB,192,Proportion of schools with improved drinking water sources,2021,99.11894484412471,Total,,%,,,,Total
Cuba,CU,CUB,192,Proportion of schools with improved drinking water sources,2022,99.40287769784175,Total,,%,,,,Total
Cuba,CU,CUB,192,Proportion of schools with improved drinking water sources,2023,99.68681055155878,Total,,%,,,,Total
Czech Republic,CZ,CZE,203,Proportion of schools with improved drinking water sources,2000,100,Total,,%,,,,Total
Czech Republic,CZ,CZE,203,Proportion of schools with improved drinking water sources,2001,100,Total,,%,,,,Total
Czech Republic,CZ,CZE,203,Proportion of schools with improved drinking water sources,2002,100,Total,,%,,,,Total
Czech Republic,CZ,CZE,203,Proportion of schools with improved drinking water sources,2003,100,Total,,%,,,,Total
Czech Republic,CZ,CZE,203,Proportion of schools with improved drinking water sources,2004,100,Total,,%,,,,Total
Czech Republic,CZ,CZE,203,Proportion of schools with improved drinking water sources,2005,100,Total,,%,,,,Total
Czech Republic,CZ,CZE,203,Proportion of schools with improved drinking water sources,2006,100,Total,,%,,,,Total
Czech Republic,CZ,CZE,203,Proportion of schools with improved drinking water sources,2007,100,Total,,%,,,,Total
Czech Republic,CZ,CZE,203,Proportion of schools with improved drinking water sources,2008,100,Total,,%,,,,Total
Czech Republic,CZ,CZE,203,Proportion of schools with improved drinking water sources,2009,100,Total,,%,,,,Total
Czech Republic,CZ,CZE,203,Proportion of schools with improved drinking water sources,2010,100,Total,,%,,,,Total
Czech Republic,CZ,CZE,203,Proportion of schools with improved drinking water sources,2011,100,Total,,%,,,,Total
Czech Republic,CZ,CZE,203,Proportion of schools with improved drinking water sources,2012,100,Total,,%,,,,Total
Czech Republic,CZ,CZE,203,Proportion of schools with improved drinking water sources,2013,100,Total,,%,,,,Total
Czech Republic,CZ,CZE,203,Proportion of schools with improved drinking water sources,2014,100,Total,,%,,,,Total
Czech Republic,CZ,CZE,203,Proportion of schools with improved drinking water sources,2015,100,Total,,%,,,,Total
Czech Republic,CZ,CZE,203,Proportion of schools with improved drinking water sources,2016,100,Total,,%,,,,Total
Czech Republic,CZ,CZE,203,Proportion of schools with improved drinking water sources,2017,100,Total,,%,,,,Total
Czech Republic,CZ,CZE,203,Proportion of schools with improved drinking water sources,2018,100,Total,,%,,,,Total
Czech Republic,CZ,CZE,203,Proportion of schools with improved drinking water sources,2019,100,Total,,%,,,,Total
Czech Republic,CZ,CZE,203,Proportion of schools with improved drinking water sources,2020,100,Total,,%,,,,Total
Czech Republic,CZ,CZE,203,Proportion of schools with improved drinking water sources,2021,100,Total,,%,,,,Total
Czech Republic,CZ,CZE,203,Proportion of schools with improved drinking water sources,2022,100,Total,,%,,,,Total
Czech Republic,CZ,CZE,203,Proportion of schools with improved drinking water sources,2023,100,Total,,%,,,,Total
Ivory Coast,CI,CIV,384,Proportion of schools with improved drinking water sources,2003,30.72199059360719,Total,,%,,,,Total
Ivory Coast,CI,CIV,384,Proportion of schools with improved drinking water sources,2004,30.72199059360719,Total,,%,,,,Total
Ivory Coast,CI,CIV,384,Proportion of schools with improved drinking water sources,2005,30.72199059360719,Total,,%,,,,Total
Ivory Coast,CI,CIV,384,Proportion of schools with improved drinking water sources,2006,30.72199059360719,Total,,%,,,,Total
Ivory Coast,CI,CIV,384,Proportion of schools with improved drinking water sources,2007,30.72199059360719,Total,,%,,,,Total
Ivory Coast,CI,CIV,384,Proportion of schools with improved drinking water sources,2008,33.22490569785805,Total,,%,,,,Total
Ivory Coast,CI,CIV,384,Proportion of schools with improved drinking water sources,2009,35.72782080210982,Total,,%,,,,Total
Ivory Coast,CI,CIV,384,Proportion of schools with improved drinking water sources,2010,38.23073590636068,Total,,%,,,,Total
Ivory Coast,CI,CIV,384,Proportion of schools with improved drinking water sources,2011,40.73365101061245,Total,,%,,,,Total
Ivory Coast,CI,CIV,384,Proportion of schools with improved drinking water sources,2012,43.23656611486331,Total,,%,,,,Total
Ivory Coast,CI,CIV,384,Proportion of schools with improved drinking water sources,2013,45.73948121911417,Total,,%,,,,Total
Ivory Coast,CI,CIV,384,Proportion of schools with improved drinking water sources,2014,48.24239632336594,Total,,%,,,,Total
Ivory Coast,CI,CIV,384,Proportion of schools with improved drinking water sources,2015,50.7453114276168,Total,,%,,,,Total
Ivory Coast,CI,CIV,384,Proportion of schools with improved drinking water sources,2016,53.24822653186857,Total,,%,,,,Total
Ivory Coast,CI,CIV,384,Proportion of schools with improved drinking water sources,2017,55.75114163611943,Total,,%,,,,Total
Ivory Coast,CI,CIV,384,Proportion of schools with improved drinking water sources,2018,58.25405674037029,Total,,%,,,,Total
Ivory Coast,CI,CIV,384,Proportion of schools with improved drinking water sources,2019,60.75697184462206,Total,,%,,,,Total
Ivory Coast,CI,CIV,384,Proportion of schools with improved drinking water sources,2020,63.25988694887292,Total,,%,,,,Total
Ivory Coast,CI,CIV,384,Proportion of schools with improved drinking water sources,2021,65.76280205312378,Total,,%,,,,Total
Ivory Coast,CI,CIV,384,Proportion of schools with improved drinking water sources,2022,68.26571715737555,Total,,%,,,,Total
Ivory Coast,CI,CIV,384,Proportion of schools with improved drinking water sources,2023,70.76863226162641,Total,,%,,,,Total
"Congo, the Democratic Republic of the",CD,COD,180,Proportion of schools with improved drinking water sources,2004,37.52945576755815,Total,,%,,,,Total
"Congo, the Democratic Republic of the",CD,COD,180,Proportion of schools with improved drinking water sources,2005,37.52945576755815,Total,,%,,,,Total
"Congo, the Democratic Republic of the",CD,COD,180,Proportion of schools with improved drinking water sources,2006,37.52945576755815,Total,,%,,,,Total
"Congo, the Democratic Republic of the",CD,COD,180,Proportion of schools with improved drinking water sources,2007,37.52945576755815,Total,,%,,,,Total
"Congo, the Democratic Republic of the",CD,COD,180,Proportion of schools with improved drinking water sources,2008,37.52945576755815,Total,,%,,,,Total
"Congo, the Democratic Republic of the",CD,COD,180,Proportion of schools with improved drinking water sources,2009,37.90292959171745,Total,,%,,,,Total
"Congo, the Democratic Republic of the",CD,COD,180,Proportion of schools with improved drinking water sources,2010,38.27640341587686,Total,,%,,,,Total
"Congo, the Democratic Republic of the",CD,COD,180,Proportion of schools with improved drinking water sources,2011,38.64987724003629,Total,,%,,,,Total
"Congo, the Democratic Republic of the",CD,COD,180,Proportion of schools with improved drinking water sources,2012,39.02335106419559,Total,,%,,,,Total
"Congo, the Democratic Republic of the",CD,COD,180,Proportion of schools with improved drinking water sources,2013,39.39682488835501,Total,,%,,,,Total
"Congo, the Democratic Republic of the",CD,COD,180,Proportion of schools with improved drinking water sources,2014,39.77029871251443,Total,,%,,,,Total
"Congo, the Democratic Republic of the",CD,COD,180,Proportion of schools with improved drinking water sources,2015,40.14377253667374,Total,,%,,,,Total
"Congo, the Democratic Republic of the",CD,COD,180,Proportion of schools with improved drinking water sources,2016,40.51724636083316,Total,,%,,,,Total
"Congo, the Democratic Republic of the",CD,COD,180,Proportion of schools with improved drinking water sources,2017,40.89072018499256,Total,,%,,,,Total
"Congo, the Democratic Republic of the",CD,COD,180,Proportion of schools with improved drinking water sources,2018,41.26419400915187,Total,,%,,,,Total
"Congo, the Democratic Republic of the",CD,COD,180,Proportion of schools with improved drinking water sources,2019,41.6376678333113,Total,,%,,,,Total
"Congo, the Democratic Republic of the",CD,COD,180,Proportion of schools with improved drinking water sources,2020,42.0111416574706,Total,,%,,,,Total
"Congo, the Democratic Republic of the",CD,COD,180,Proportion of schools with improved drinking water sources,2021,42.38461548163002,Total,,%,,,,Total
"Congo, the Democratic Republic of the",CD,COD,180,Proportion of schools with improved drinking water sources,2022,42.38461548163002,Total,,%,,,,Total
"Congo, the Democratic Republic of the",CD,COD,180,Proportion of schools with improved drinking water sources,2023,42.38461548163002,Total,,%,,,,Total
Denmark,DK,DNK,208,Proportion of schools with improved drinking water sources,2000,100,Total,,%,,,,Total
Denmark,DK,DNK,208,Proportion of schools with improved drinking water sources,2001,100,Total,,%,,,,Total
Denmark,DK,DNK,208,Proportion of schools with improved drinking water sources,2002,100,Total,,%,,,,Total
Denmark,DK,DNK,208,Proportion of schools with improved drinking water sources,2003,100,Total,,%,,,,Total
Denmark,DK,DNK,208,Proportion of schools with improved drinking water sources,2004,100,Total,,%,,,,Total
Denmark,DK,DNK,208,Proportion of schools with improved drinking water sources,2005,100,Total,,%,,,,Total
Denmark,DK,DNK,208,Proportion of schools with improved drinking water sources,2006,100,Total,,%,,,,Total
Denmark,DK,DNK,208,Proportion of schools with improved drinking water sources,2007,100,Total,,%,,,,Total
Denmark,DK,DNK,208,Proportion of schools with improved drinking water sources,2008,100,Total,,%,,,,Total
Denmark,DK,DNK,208,Proportion of schools with improved drinking water sources,2009,100,Total,,%,,,,Total
Denmark,DK,DNK,208,Proportion of schools with improved drinking water sources,2010,100,Total,,%,,,,Total
Denmark,DK,DNK,208,Proportion of schools with improved drinking water sources,2011,100,Total,,%,,,,Total
Denmark,DK,DNK,208,Proportion of schools with improved drinking water sources,2012,100,Total,,%,,,,Total
Denmark,DK,DNK,208,Proportion of schools with improved drinking water sources,2013,100,Total,,%,,,,Total
Denmark,DK,DNK,208,Proportion of schools with improved drinking water sources,2014,100,Total,,%,,,,Total
Denmark,DK,DNK,208,Proportion of schools with improved drinking water sources,2015,100,Total,,%,,,,Total
Denmark,DK,DNK,208,Proportion of schools with improved drinking water sources,2016,100,Total,,%,,,,Total
Denmark,DK,DNK,208,Proportion of schools with improved drinking water sources,2017,100,Total,,%,,,,Total
Denmark,DK,DNK,208,Proportion of schools with improved drinking water sources,2018,100,Total,,%,,,,Total
Denmark,DK,DNK,208,Proportion of schools with improved drinking water sources,2019,100,Total,,%,,,,Total
Denmark,DK,DNK,208,Proportion of schools with improved drinking water sources,2020,100,Total,,%,,,,Total
Denmark,DK,DNK,208,Proportion of schools with improved drinking water sources,2021,100,Total,,%,,,,Total
Denmark,DK,DNK,208,Proportion of schools with improved drinking water sources,2022,100,Total,,%,,,,Total
Denmark,DK,DNK,208,Proportion of schools with improved drinking water sources,2023,100,Total,,%,,,,Total
Djibouti,DJ,DJI,262,Proportion of schools with improved drinking water sources,2003,79.48861531354305,Total,,%,,,,Total
Djibouti,DJ,DJI,262,Proportion of schools with improved drinking water sources,2004,79.48861531354305,Total,,%,,,,Total
Djibouti,DJ,DJI,262,Proportion of schools with improved drinking water sources,2005,79.48861531354305,Total,,%,,,,Total
Djibouti,DJ,DJI,262,Proportion of schools with improved drinking water sources,2006,79.48861531354305,Total,,%,,,,Total
Djibouti,DJ,DJI,262,Proportion of schools with improved drinking water sources,2007,79.48861531354305,Total,,%,,,,Total
Djibouti,DJ,DJI,262,Proportion of schools with improved drinking water sources,2008,80.51320221221387,Total,,%,,,,Total
Djibouti,DJ,DJI,262,Proportion of schools with improved drinking water sources,2009,81.53778911088466,Total,,%,,,,Total
Djibouti,DJ,DJI,262,Proportion of schools with improved drinking water sources,2010,82.56237600955546,Total,,%,,,,Total
Djibouti,DJ,DJI,262,Proportion of schools with improved drinking water sources,2011,83.58696290822627,Total,,%,,,,Total
Djibouti,DJ,DJI,262,Proportion of schools with improved drinking water sources,2012,84.61154980689707,Total,,%,,,,Total
Djibouti,DJ,DJI,262,Proportion of schools with improved drinking water sources,2013,85.63613670556788,Total,,%,,,,Total
Djibouti,DJ,DJI,262,Proportion of schools with improved drinking water sources,2014,86.66072360423823,Total,,%,,,,Total
Djibouti,DJ,DJI,262,Proportion of schools with improved drinking water sources,2015,87.68531050290903,Total,,%,,,,Total
Djibouti,DJ,DJI,262,Proportion of schools with improved drinking water sources,2016,88.70989740157984,Total,,%,,,,Total
Djibouti,DJ,DJI,262,Proportion of schools with improved drinking water sources,2017,89.73448430025064,Total,,%,,,,Total
Djibouti,DJ,DJI,262,Proportion of schools with improved drinking water sources,2018,90.75907119892145,Total,,%,,,,Total
Djibouti,DJ,DJI,262,Proportion of schools with improved drinking water sources,2019,91.78365809759225,Total,,%,,,,Total
Djibouti,DJ,DJI,262,Proportion of schools with improved drinking water sources,2020,92.80824499626306,Total,,%,,,,Total
Djibouti,DJ,DJI,262,Proportion of schools with improved drinking water sources,2021,93.83283189493386,Total,,%,,,,Total
Djibouti,DJ,DJI,262,Proportion of schools with improved drinking water sources,2022,93.90690107796809,Total,,%,,,,Total
Djibouti,DJ,DJI,262,Proportion of schools with improved drinking water sources,2023,93.90690107796809,Total,,%,,,,Total
Dominica,DM,DMA,212,Proportion of schools with improved drinking water sources,2000,100,Total,,%,,,,Total
Dominica,DM,DMA,212,Proportion of schools with improved drinking water sources,2001,100,Total,,%,,,,Total
Dominica,DM,DMA,212,Proportion of schools with improved drinking water sources,2002,100,Total,,%,,,,Total
Dominica,DM,DMA,212,Proportion of schools with improved drinking water sources,2003,100,Total,,%,,,,Total
Dominica,DM,DMA,212,Proportion of schools with improved drinking water sources,2004,100,Total,,%,,,,Total
Dominica,DM,DMA,212,Proportion of schools with improved drinking water sources,2005,100,Total,,%,,,,Total
Dominica,DM,DMA,212,Proportion of schools with improved drinking water sources,2006,100,Total,,%,,,,Total
Dominica,DM,DMA,212,Proportion of schools with improved drinking water sources,2007,100,Total,,%,,,,Total
Dominica,DM,DMA,212,Proportion of schools with improved drinking water sources,2008,100,Total,,%,,,,Total
Dominica,DM,DMA,212,Proportion of schools with improved drinking water sources,2009,100,Total,,%,,,,Total
Dominica,DM,DMA,212,Proportion of schools with improved drinking water sources,2010,100,Total,,%,,,,Total
Dominica,DM,DMA,212,Proportion of schools with improved drinking water sources,2011,100,Total,,%,,,,Total
Dominica,DM,DMA,212,Proportion of schools with improved drinking water sources,2012,100,Total,,%,,,,Total
Dominica,DM,DMA,212,Proportion of schools with improved drinking water sources,2013,100,Total,,%,,,,Total
Dominica,DM,DMA,212,Proportion of schools with improved drinking water sources,2014,100,Total,,%,,,,Total
Dominica,DM,DMA,212,Proportion of schools with improved drinking water sources,2015,100,Total,,%,,,,Total
Dominica,DM,DMA,212,Proportion of schools with improved drinking water sources,2016,100,Total,,%,,,,Total
Dominica,DM,DMA,212,Proportion of schools with improved drinking water sources,2017,100,Total,,%,,,,Total
Dominica,DM,DMA,212,Proportion of schools with improved drinking water sources,2018,100,Total,,%,,,,Total
Dominica,DM,DMA,212,Proportion of schools with improved drinking water sources,2019,100,Total,,%,,,,Total
Dominica,DM,DMA,212,Proportion of schools with improved drinking water sources,2020,100,Total,,%,,,,Total
Dominica,DM,DMA,212,Proportion of schools with improved drinking water sources,2021,100,Total,,%,,,,Total
Dominica,DM,DMA,212,Proportion of schools with improved drinking water sources,2022,100,Total,,%,,,,Total
Dominica,DM,DMA,212,Proportion of schools with improved drinking water sources,2023,100,Total,,%,,,,Total
Dominican Republic,DO,DOM,214,Proportion of schools with improved drinking water sources,2000,65.91926718668719,Total,,%,,,,Total
Dominican Republic,DO,DOM,214,Proportion of schools with improved drinking water sources,2001,65.91926718668719,Total,,%,,,,Total
Dominican Republic,DO,DOM,214,Proportion of schools with improved drinking water sources,2002,65.91926718668719,Total,,%,,,,Total
Dominican Republic,DO,DOM,214,Proportion of schools with improved drinking water sources,2003,65.91926718668719,Total,,%,,,,Total
Dominican Republic,DO,DOM,214,Proportion of schools with improved drinking water sources,2004,65.91926718668719,Total,,%,,,,Total
Dominican Republic,DO,DOM,214,Proportion of schools with improved drinking water sources,2005,67.26224949256084,Total,,%,,,,Total
Dominican Republic,DO,DOM,214,Proportion of schools with improved drinking water sources,2006,68.60523179843449,Total,,%,,,,Total
Dominican Republic,DO,DOM,214,Proportion of schools with improved drinking water sources,2007,69.94821410430768,Total,,%,,,,Total
Dominican Republic,DO,DOM,214,Proportion of schools with improved drinking water sources,2008,71.29119641018133,Total,,%,,,,Total
Dominican Republic,DO,DOM,214,Proportion of schools with improved drinking water sources,2009,72.63417871605498,Total,,%,,,,Total
Dominican Republic,DO,DOM,214,Proportion of schools with improved drinking water sources,2010,73.97716102192862,Total,,%,,,,Total
Dominican Republic,DO,DOM,214,Proportion of schools with improved drinking water sources,2011,75.32014332780228,Total,,%,,,,Total
Dominican Republic,DO,DOM,214,Proportion of schools with improved drinking water sources,2012,76.66312563367546,Total,,%,,,,Total
Dominican Republic,DO,DOM,214,Proportion of schools with improved drinking water sources,2013,78.00610793954911,Total,,%,,,,Total
Dominican Republic,DO,DOM,214,Proportion of schools with improved drinking water sources,2014,79.34909024542276,Total,,%,,,,Total
Dominican Republic,DO,DOM,214,Proportion of schools with improved drinking water sources,2015,80.69207255129641,Total,,%,,,,Total
Dominican Republic,DO,DOM,214,Proportion of schools with improved drinking water sources,2016,82.03505485716958,Total,,%,,,,Total
Dominican Republic,DO,DOM,214,Proportion of schools with improved drinking water sources,2017,83.37803716304325,Total,,%,,,,Total
Dominican Republic,DO,DOM,214,Proportion of schools with improved drinking water sources,2018,84.72101946891689,Total,,%,,,,Total
Dominican Republic,DO,DOM,214,Proportion of schools with improved drinking water sources,2019,86.06400177479054,Total,,%,,,,Total
Dominican Republic,DO,DOM,214,Proportion of schools with improved drinking water sources,2020,87.40698408066373,Total,,%,,,,Total
Dominican Republic,DO,DOM,214,Proportion of schools with improved drinking water sources,2021,88.74996638653738,Total,,%,,,,Total
Dominican Republic,DO,DOM,214,Proportion of schools with improved drinking water sources,2022,88.74996638653738,Total,,%,,,,Total
Dominican Republic,DO,DOM,214,Proportion of schools with improved drinking water sources,2023,88.74996638653738,Total,,%,,,,Total
Ecuador,EC,ECU,218,Proportion of schools with improved drinking water sources,2000,67.46291795623574,Total,,%,,,,Total
Ecuador,EC,ECU,218,Proportion of schools with improved drinking water sources,2001,67.46291795623574,Total,,%,,,,Total
Ecuador,EC,ECU,218,Proportion of schools with improved drinking water sources,2002,67.46291795623574,Total,,%,,,,Total
Ecuador,EC,ECU,218,Proportion of schools with improved drinking water sources,2003,67.46291795623574,Total,,%,,,,Total
Ecuador,EC,ECU,218,Proportion of schools with improved drinking water sources,2004,67.46291795623574,Total,,%,,,,Total
Ecuador,EC,ECU,218,Proportion of schools with improved drinking water sources,2005,68.89691255327898,Total,,%,,,,Total
Ecuador,EC,ECU,218,Proportion of schools with improved drinking water sources,2006,70.33090715032222,Total,,%,,,,Total
Ecuador,EC,ECU,218,Proportion of schools with improved drinking water sources,2007,71.76490174736546,Total,,%,,,,Total
Ecuador,EC,ECU,218,Proportion of schools with improved drinking water sources,2008,73.19889634440869,Total,,%,,,,Total
Ecuador,EC,ECU,218,Proportion of schools with improved drinking water sources,2009,74.63289094145192,Total,,%,,,,Total
Ecuador,EC,ECU,218,Proportion of schools with improved drinking water sources,2010,76.06688553849517,Total,,%,,,,Total
Ecuador,EC,ECU,218,Proportion of schools with improved drinking water sources,2011,77.50088013553841,Total,,%,,,,Total
Ecuador,EC,ECU,218,Proportion of schools with improved drinking water sources,2012,78.93487473258165,Total,,%,,,,Total
Ecuador,EC,ECU,218,Proportion of schools with improved drinking water sources,2013,80.36886932962489,Total,,%,,,,Total
Ecuador,EC,ECU,218,Proportion of schools with improved drinking water sources,2014,81.80286392666812,Total,,%,,,,Total
Ecuador,EC,ECU,218,Proportion of schools with improved drinking water sources,2015,83.23685852371136,Total,,%,,,,Total
Ecuador,EC,ECU,218,Proportion of schools with improved drinking water sources,2016,84.6708531207546,Total,,%,,,,Total
Ecuador,EC,ECU,218,Proportion of schools with improved drinking water sources,2017,86.10484771779782,Total,,%,,,,Total
Ecuador,EC,ECU,218,Proportion of schools with improved drinking water sources,2018,87.53884231484108,Total,,%,,,,Total
Ecuador,EC,ECU,218,Proportion of schools with improved drinking water sources,2019,88.97283691188431,Total,,%,,,,Total
Ecuador,EC,ECU,218,Proportion of schools with improved drinking water sources,2020,90.40683150892755,Total,,%,,,,Total
Ecuador,EC,ECU,218,Proportion of schools with improved drinking water sources,2021,91.84082610597079,Total,,%,,,,Total
Ecuador,EC,ECU,218,Proportion of schools with improved drinking water sources,2022,93.27482070301448,Total,,%,,,,Total
Ecuador,EC,ECU,218,Proportion of schools with improved drinking water sources,2023,93.27482070301448,Total,,%,,,,Total
El Salvador,SV,SLV,222,Proportion of schools with improved drinking water sources,2000,84.18419050633918,Total,,%,,,,Total
El Salvador,SV,SLV,222,Proportion of schools with improved drinking water sources,2001,84.18419050633918,Total,,%,,,,Total
El Salvador,SV,SLV,222,Proportion of schools with improved drinking water sources,2002,84.18419050633918,Total,,%,,,,Total
El Salvador,SV,SLV,222,Proportion of schools with improved drinking water sources,2003,84.18419050633918,Total,,%,,,,Total
El Salvador,SV,SLV,222,Proportion of schools with improved drinking water sources,2004,84.18419050633918,Total,,%,,,,Total
El Salvador,SV,SLV,222,Proportion of schools with improved drinking water sources,2005,84.57684672160428,Total,,%,,,,Total
El Salvador,SV,SLV,222,Proportion of schools with improved drinking water sources,2006,84.96950293686939,Total,,%,,,,Total
El Salvador,SV,SLV,222,Proportion of schools with improved drinking water sources,2007,85.36215915213451,Total,,%,,,,Total
El Salvador,SV,SLV,222,Proportion of schools with improved drinking water sources,2008,85.7548153673996,Total,,%,,,,Total
El Salvador,SV,SLV,222,Proportion of schools with improved drinking water sources,2009,86.14747158266471,Total,,%,,,,Total
El Salvador,SV,SLV,222,Proportion of schools with improved drinking water sources,2010,86.5401277979297,Total,,%,,,,Total
El Salvador,SV,SLV,222,Proportion of schools with improved drinking water sources,2011,86.93278401319481,Total,,%,,,,Total
El Salvador,SV,SLV,222,Proportion of schools with improved drinking water sources,2012,87.32544022845991,Total,,%,,,,Total
El Salvador,SV,SLV,222,Proportion of schools with improved drinking water sources,2013,87.71809644372502,Total,,%,,,,Total
El Salvador,SV,SLV,222,Proportion of schools with improved drinking water sources,2014,88.11075265899012,Total,,%,,,,Total
El Salvador,SV,SLV,222,Proportion of schools with improved drinking water sources,2015,88.50340887425511,Total,,%,,,,Total
El Salvador,SV,SLV,222,Proportion of schools with improved drinking water sources,2016,88.89606508952022,Total,,%,,,,Total
El Salvador,SV,SLV,222,Proportion of schools with improved drinking water sources,2017,89.28872130478531,Total,,%,,,,Total
El Salvador,SV,SLV,222,Proportion of schools with improved drinking water sources,2018,89.68137752005043,Total,,%,,,,Total
El Salvador,SV,SLV,222,Proportion of schools with improved drinking water sources,2019,90.07403373531554,Total,,%,,,,Total
El Salvador,SV,SLV,222,Proportion of schools with improved drinking water sources,2020,90.46668995058053,Total,,%,,,,Total
El Salvador,SV,SLV,222,Proportion of schools with improved drinking water sources,2021,90.85934616584564,Total,,%,,,,Total
El Salvador,SV,SLV,222,Proportion of schools with improved drinking water sources,2022,91.25200238111074,Total,,%,,,,Total
El Salvador,SV,SLV,222,Proportion of schools with improved drinking water sources,2023,91.64465859637585,Total,,%,,,,Total
Equatorial Guinea,GQ,GNQ,226,Proportion of schools with improved drinking water sources,2010,27.98844342903323,Total,,%,,,,Total
Equatorial Guinea,GQ,GNQ,226,Proportion of schools with improved drinking water sources,2011,27.98844342903323,Total,,%,,,,Total
Equatorial Guinea,GQ,GNQ,226,Proportion of schools with improved drinking water sources,2012,27.98844342903323,Total,,%,,,,Total
Equatorial Guinea,GQ,GNQ,226,Proportion of schools with improved drinking water sources,2013,27.98844342903323,Total,,%,,,,Total
Equatorial Guinea,GQ,GNQ,226,Proportion of schools with improved drinking water sources,2014,27.98844342903323,Total,,%,,,,Total
Equatorial Guinea,GQ,GNQ,226,Proportion of schools with improved drinking water sources,2015,27.98844342903323,Total,,%,,,,Total
Equatorial Guinea,GQ,GNQ,226,Proportion of schools with improved drinking water sources,2016,27.98844342903323,Total,,%,,,,Total
Equatorial Guinea,GQ,GNQ,226,Proportion of schools with improved drinking water sources,2017,27.98844342903323,Total,,%,,,,Total
Equatorial Guinea,GQ,GNQ,226,Proportion of schools with improved drinking water sources,2018,27.98844342903323,Total,,%,,,,Total
Equatorial Guinea,GQ,GNQ,226,Proportion of schools with improved drinking water sources,2019,27.98844342903323,Total,,%,,,,Total
Equatorial Guinea,GQ,GNQ,226,Proportion of schools with improved drinking water sources,2020,27.98844342903323,Total,,%,,,,Total
Equatorial Guinea,GQ,GNQ,226,Proportion of schools with improved drinking water sources,2021,27.98844342903323,Total,,%,,,,Total
Equatorial Guinea,GQ,GNQ,226,Proportion of schools with improved drinking water sources,2022,27.98844342903323,Total,,%,,,,Total
Equatorial Guinea,GQ,GNQ,226,Proportion of schools with improved drinking water sources,2023,27.98844342903323,Total,,%,,,,Total
Eritrea,ER,ERI,232,Proportion of schools with improved drinking water sources,2004,52.44549521535646,Total,,%,,,,Total
Eritrea,ER,ERI,232,Proportion of schools with improved drinking water sources,2005,52.44549521535646,Total,,%,,,,Total
Eritrea,ER,ERI,232,Proportion of schools with improved drinking water sources,2006,52.44549521535646,Total,,%,,,,Total
Eritrea,ER,ERI,232,Proportion of schools with improved drinking water sources,2007,52.44549521535646,Total,,%,,,,Total
Eritrea,ER,ERI,232,Proportion of schools with improved drinking water sources,2008,52.44549521535646,Total,,%,,,,Total
Eritrea,ER,ERI,232,Proportion of schools with improved drinking water sources,2009,54.35631616800765,Total,,%,,,,Total
Eritrea,ER,ERI,232,Proportion of schools with improved drinking water sources,2010,56.26713712065884,Total,,%,,,,Total
Eritrea,ER,ERI,232,Proportion of schools with improved drinking water sources,2011,58.17795807331004,Total,,%,,,,Total
Eritrea,ER,ERI,232,Proportion of schools with improved drinking water sources,2012,60.08877902596123,Total,,%,,,,Total
Eritrea,ER,ERI,232,Proportion of schools with improved drinking water sources,2013,61.99959997861242,Total,,%,,,,Total
Eritrea,ER,ERI,232,Proportion of schools with improved drinking water sources,2014,63.91042093126362,Total,,%,,,,Total
Eritrea,ER,ERI,232,Proportion of schools with improved drinking water sources,2015,65.82124188391481,Total,,%,,,,Total
Eritrea,ER,ERI,232,Proportion of schools with improved drinking water sources,2016,67.732062836566,Total,,%,,,,Total
Eritrea,ER,ERI,232,Proportion of schools with improved drinking water sources,2017,69.64288378921719,Total,,%,,,,Total
Eritrea,ER,ERI,232,Proportion of schools with improved drinking water sources,2018,69.64288378921719,Total,,%,,,,Total
Eritrea,ER,ERI,232,Proportion of schools with improved drinking water sources,2019,69.64288378921719,Total,,%,,,,Total
Eritrea,ER,ERI,232,Proportion of schools with improved drinking water sources,2020,69.64288378921719,Total,,%,,,,Total
Eritrea,ER,ERI,232,Proportion of schools with improved drinking water sources,2021,69.64288378921719,Total,,%,,,,Total
Estonia,EE,EST,233,Proportion of schools with improved drinking water sources,2000,100,Total,,%,,,,Total
Estonia,EE,EST,233,Proportion of schools with improved drinking water sources,2001,100,Total,,%,,,,Total
Estonia,EE,EST,233,Proportion of schools with improved drinking water sources,2002,100,Total,,%,,,,Total
Estonia,EE,EST,233,Proportion of schools with improved drinking water sources,2003,100,Total,,%,,,,Total
Estonia,EE,EST,233,Proportion of schools with improved drinking water sources,2004,100,Total,,%,,,,Total
Estonia,EE,EST,233,Proportion of schools with improved drinking water sources,2005,100,Total,,%,,,,Total
Estonia,EE,EST,233,Proportion of schools with improved drinking water sources,2006,100,Total,,%,,,,Total
Estonia,EE,EST,233,Proportion of schools with improved drinking water sources,2007,100,Total,,%,,,,Total
Estonia,EE,EST,233,Proportion of schools with improved drinking water sources,2008,100,Total,,%,,,,Total
Estonia,EE,EST,233,Proportion of schools with improved drinking water sources,2009,100,Total,,%,,,,Total
Estonia,EE,EST,233,Proportion of schools with improved drinking water sources,2010,100,Total,,%,,,,Total
Estonia,EE,EST,233,Proportion of schools with improved drinking water sources,2011,100,Total,,%,,,,Total
Estonia,EE,EST,233,Proportion of schools with improved drinking water sources,2012,100,Total,,%,,,,Total
Estonia,EE,EST,233,Proportion of schools with improved drinking water sources,2013,100,Total,,%,,,,Total
Estonia,EE,EST,233,Proportion of schools with improved drinking water sources,2014,100,Total,,%,,,,Total
Estonia,EE,EST,233,Proportion of schools with improved drinking water sources,2015,100,Total,,%,,,,Total
Estonia,EE,EST,233,Proportion of schools with improved drinking water sources,2016,100,Total,,%,,,,Total
Estonia,EE,EST,233,Proportion of schools with improved drinking water sources,2017,100,Total,,%,,,,Total
Estonia,EE,EST,233,Proportion of schools with improved drinking water sources,2018,100,Total,,%,,,,Total
Estonia,EE,EST,233,Proportion of schools with improved drinking water sources,2019,100,Total,,%,,,,Total
Estonia,EE,EST,233,Proportion of schools with improved drinking water sources,2020,100,Total,,%,,,,Total
Estonia,EE,EST,233,Proportion of schools with improved drinking water sources,2021,100,Total,,%,,,,Total
Estonia,EE,EST,233,Proportion of schools with improved drinking water sources,2022,100,Total,,%,,,,Total
Estonia,EE,EST,233,Proportion of schools with improved drinking water sources,2023,100,Total,,%,,,,Total
Swaziland,SZ,SWZ,748,Proportion of schools with improved drinking water sources,2007,72.12043518349539,Total,,%,,,,Total
Swaziland,SZ,SWZ,748,Proportion of schools with improved drinking water sources,2008,72.12043518349539,Total,,%,,,,Total
Swaziland,SZ,SWZ,748,Proportion of schools with improved drinking water sources,2009,72.12043518349539,Total,,%,,,,Total
Swaziland,SZ,SWZ,748,Proportion of schools with improved drinking water sources,2010,72.12043518349539,Total,,%,,,,Total
Swaziland,SZ,SWZ,748,Proportion of schools with improved drinking water sources,2011,72.12043518349539,Total,,%,,,,Total
Swaziland,SZ,SWZ,748,Proportion of schools with improved drinking water sources,2012,73.90485824232837,Total,,%,,,,Total
Swaziland,SZ,SWZ,748,Proportion of schools with improved drinking water sources,2013,75.68928130116137,Total,,%,,,,Total
Swaziland,SZ,SWZ,748,Proportion of schools with improved drinking water sources,2014,77.47370435999392,Total,,%,,,,Total
Swaziland,SZ,SWZ,748,Proportion of schools with improved drinking water sources,2015,79.25812741882692,Total,,%,,,,Total
Swaziland,SZ,SWZ,748,Proportion of schools with improved drinking water sources,2016,81.04255047765992,Total,,%,,,,Total
Swaziland,SZ,SWZ,748,Proportion of schools with improved drinking water sources,2017,82.82697353649246,Total,,%,,,,Total
Swaziland,SZ,SWZ,748,Proportion of schools with improved drinking water sources,2018,84.61139659532546,Total,,%,,,,Total
Swaziland,SZ,SWZ,748,Proportion of schools with improved drinking water sources,2019,86.39581965415846,Total,,%,,,,Total
Swaziland,SZ,SWZ,748,Proportion of schools with improved drinking water sources,2020,86.39581965415846,Total,,%,,,,Total
Swaziland,SZ,SWZ,748,Proportion of schools with improved drinking water sources,2021,86.39581965415846,Total,,%,,,,Total
Swaziland,SZ,SWZ,748,Proportion of schools with improved drinking water sources,2022,86.39581965415846,Total,,%,,,,Total
Swaziland,SZ,SWZ,748,Proportion of schools with improved drinking water sources,2023,86.39581965415846,Total,,%,,,,Total
Ethiopia,ET,ETH,231,Proportion of schools with improved drinking water sources,2001,23.23860289216259,Total,,%,,,,Total
Ethiopia,ET,ETH,231,Proportion of schools with improved drinking water sources,2002,23.23860289216259,Total,,%,,,,Total
Ethiopia,ET,ETH,231,Proportion of schools with improved drinking water sources,2003,23.23860289216259,Total,,%,,,,Total
Ethiopia,ET,ETH,231,Proportion of schools with improved drinking water sources,2004,23.23860289216259,Total,,%,,,,Total
Ethiopia,ET,ETH,231,Proportion of schools with improved drinking water sources,2005,23.23860289216259,Total,,%,,,,Total
Ethiopia,ET,ETH,231,Proportion of schools with improved drinking water sources,2006,23.53110683936541,Total,,%,,,,Total
Ethiopia,ET,ETH,231,Proportion of schools with improved drinking water sources,2007,23.82361078656822,Total,,%,,,,Total
Ethiopia,ET,ETH,231,Proportion of schools with improved drinking water sources,2008,24.11611473377104,Total,,%,,,,Total
Ethiopia,ET,ETH,231,Proportion of schools with improved drinking water sources,2009,24.40861868097386,Total,,%,,,,Total
Ethiopia,ET,ETH,231,Proportion of schools with improved drinking water sources,2010,24.70112262817668,Total,,%,,,,Total
Ethiopia,ET,ETH,231,Proportion of schools with improved drinking water sources,2011,24.99362657537949,Total,,%,,,,Total
Ethiopia,ET,ETH,231,Proportion of schools with improved drinking water sources,2012,25.28613052258231,Total,,%,,,,Total
Ethiopia,ET,ETH,231,Proportion of schools with improved drinking water sources,2013,25.57863446978513,Total,,%,,,,Total
Ethiopia,ET,ETH,231,Proportion of schools with improved drinking water sources,2014,25.87113841698795,Total,,%,,,,Total
Ethiopia,ET,ETH,231,Proportion of schools with improved drinking water sources,2015,26.16364236419076,Total,,%,,,,Total
Ethiopia,ET,ETH,231,Proportion of schools with improved drinking water sources,2016,26.45614631139358,Total,,%,,,,Total
Ethiopia,ET,ETH,231,Proportion of schools with improved drinking water sources,2017,26.7486502585964,Total,,%,,,,Total
Ethiopia,ET,ETH,231,Proportion of schools with improved drinking water sources,2018,27.04115420579922,Total,,%,,,,Total
Ethiopia,ET,ETH,231,Proportion of schools with improved drinking water sources,2019,27.33365815300203,Total,,%,,,,Total
Ethiopia,ET,ETH,231,Proportion of schools with improved drinking water sources,2020,27.62616210020485,Total,,%,,,,Total
Ethiopia,ET,ETH,231,Proportion of schools with improved drinking water sources,2021,27.91866604740767,Total,,%,,,,Total
Ethiopia,ET,ETH,231,Proportion of schools with improved drinking water sources,2022,28.21116999461049,Total,,%,,,,Total
Ethiopia,ET,ETH,231,Proportion of schools with improved drinking water sources,2023,28.5036739418133,Total,,%,,,,Total
Fiji,FJ,FJI,242,Proportion of schools with improved drinking water sources,2011,98.84591788535545,Total,,%,,,,Total
Fiji,FJ,FJI,242,Proportion of schools with improved drinking water sources,2012,98.84591788535545,Total,,%,,,,Total
Fiji,FJ,FJI,242,Proportion of schools with improved drinking water sources,2013,98.84591788535545,Total,,%,,,,Total
Fiji,FJ,FJI,242,Proportion of schools with improved drinking water sources,2014,98.84591788535545,Total,,%,,,,Total
Fiji,FJ,FJI,242,Proportion of schools with improved drinking water sources,2015,98.84591788535545,Total,,%,,,,Total
Fiji,FJ,FJI,242,Proportion of schools with improved drinking water sources,2016,96.19258043162608,Total,,%,,,,Total
Fiji,FJ,FJI,242,Proportion of schools with improved drinking water sources,2017,93.53924297789673,Total,,%,,,,Total
Fiji,FJ,FJI,242,Proportion of schools with improved drinking water sources,2018,90.88590552416736,Total,,%,,,,Total
Fiji,FJ,FJI,242,Proportion of schools with improved drinking water sources,2019,88.23256807043799,Total,,%,,,,Total
Fiji,FJ,FJI,242,Proportion of schools with improved drinking water sources,2020,85.57923061670863,Total,,%,,,,Total
Fiji,FJ,FJI,242,Proportion of schools with improved drinking water sources,2021,82.92589316297926,Total,,%,,,,Total
Fiji,FJ,FJI,242,Proportion of schools with improved drinking water sources,2022,80.2725557092499,Total,,%,,,,Total
Fiji,FJ,FJI,242,Proportion of schools with improved drinking water sources,2023,77.61921825552054,Total,,%,,,,Total
Finland,FI,FIN,246,Proportion of schools with improved drinking water sources,2000,100,Total,,%,,,,Total
Finland,FI,FIN,246,Proportion of schools with improved drinking water sources,2001,100,Total,,%,,,,Total
Finland,FI,FIN,246,Proportion of schools with improved drinking water sources,2002,100,Total,,%,,,,Total
Finland,FI,FIN,246,Proportion of schools with improved drinking water sources,2003,100,Total,,%,,,,Total
Finland,FI,FIN,246,Proportion of schools with improved drinking water sources,2004,100,Total,,%,,,,Total
Finland,FI,FIN,246,Proportion of schools with improved drinking water sources,2005,100,Total,,%,,,,Total
Finland,FI,FIN,246,Proportion of schools with improved drinking water sources,2006,100,Total,,%,,,,Total
Finland,FI,FIN,246,Proportion of schools with improved drinking water sources,2007,100,Total,,%,,,,Total
Finland,FI,FIN,246,Proportion of schools with improved drinking water sources,2008,100,Total,,%,,,,Total
Finland,FI,FIN,246,Proportion of schools with improved drinking water sources,2009,100,Total,,%,,,,Total
Finland,FI,FIN,246,Proportion of schools with improved drinking water sources,2010,100,Total,,%,,,,Total
Finland,FI,FIN,246,Proportion of schools with improved drinking water sources,2011,100,Total,,%,,,,Total
Finland,FI,FIN,246,Proportion of schools with improved drinking water sources,2012,100,Total,,%,,,,Total
Finland,FI,FIN,246,Proportion of schools with improved drinking water sources,2013,100,Total,,%,,,,Total
Finland,FI,FIN,246,Proportion of schools with improved drinking water sources,2014,100,Total,,%,,,,Total
Finland,FI,FIN,246,Proportion of schools with improved drinking water sources,2015,100,Total,,%,,,,Total
Finland,FI,FIN,246,Proportion of schools with improved drinking water sources,2016,100,Total,,%,,,,Total
Finland,FI,FIN,246,Proportion of schools with improved drinking water sources,2017,100,Total,,%,,,,Total
Finland,FI,FIN,246,Proportion of schools with improved drinking water sources,2018,100,Total,,%,,,,Total
Finland,FI,FIN,246,Proportion of schools with improved drinking water sources,2019,100,Total,,%,,,,Total
Finland,FI,FIN,246,Proportion of schools with improved drinking water sources,2020,100,Total,,%,,,,Total
Finland,FI,FIN,246,Proportion of schools with improved drinking water sources,2021,100,Total,,%,,,,Total
Finland,FI,FIN,246,Proportion of schools with improved drinking water sources,2022,100,Total,,%,,,,Total
Finland,FI,FIN,246,Proportion of schools with improved drinking water sources,2023,100,Total,,%,,,,Total
France,FR,FRA,250,Proportion of schools with improved drinking water sources,2000,100,Total,,%,,,,Total
France,FR,FRA,250,Proportion of schools with improved drinking water sources,2001,100,Total,,%,,,,Total
France,FR,FRA,250,Proportion of schools with improved drinking water sources,2002,100,Total,,%,,,,Total
France,FR,FRA,250,Proportion of schools with improved drinking water sources,2003,100,Total,,%,,,,Total
France,FR,FRA,250,Proportion of schools with improved drinking water sources,2004,100,Total,,%,,,,Total
France,FR,FRA,250,Proportion of schools with improved drinking water sources,2005,100,Total,,%,,,,Total
France,FR,FRA,250,Proportion of schools with improved drinking water sources,2006,100,Total,,%,,,,Total
France,FR,FRA,250,Proportion of schools with improved drinking water sources,2007,100,Total,,%,,,,Total
France,FR,FRA,250,Proportion of schools with improved drinking water sources,2008,100,Total,,%,,,,Total
France,FR,FRA,250,Proportion of schools with improved drinking water sources,2009,100,Total,,%,,,,Total
France,FR,FRA,250,Proportion of schools with improved drinking water sources,2010,100,Total,,%,,,,Total
France,FR,FRA,250,Proportion of schools with improved drinking water sources,2011,100,Total,,%,,,,Total
France,FR,FRA,250,Proportion of schools with improved drinking water sources,2012,100,Total,,%,,,,Total
France,FR,FRA,250,Proportion of schools with improved drinking water sources,2013,100,Total,,%,,,,Total
France,FR,FRA,250,Proportion of schools with improved drinking water sources,2014,100,Total,,%,,,,Total
France,FR,FRA,250,Proportion of schools with improved drinking water sources,2015,100,Total,,%,,,,Total
France,FR,FRA,250,Proportion of schools with improved drinking water sources,2016,100,Total,,%,,,,Total
France,FR,FRA,250,Proportion of schools with improved drinking water sources,2017,100,Total,,%,,,,Total
France,FR,FRA,250,Proportion of schools with improved drinking water sources,2018,100,Total,,%,,,,Total
France,FR,FRA,250,Proportion of schools with improved drinking water sources,2019,100,Total,,%,,,,Total
France,FR,FRA,250,Proportion of schools with improved drinking water sources,2020,100,Total,,%,,,,Total
France,FR,FRA,250,Proportion of schools with improved drinking water sources,2021,100,Total,,%,,,,Total
France,FR,FRA,250,Proportion of schools with improved drinking water sources,2022,100,Total,,%,,,,Total
France,FR,FRA,250,Proportion of schools with improved drinking water sources,2023,100,Total,,%,,,,Total
Gabon,GA,GAB,266,Proportion of schools with improved drinking water sources,2017,76.99876999999999,Total,,%,,,,Total
Gabon,GA,GAB,266,Proportion of schools with improved drinking water sources,2018,76.99876999999999,Total,,%,,,,Total
Gabon,GA,GAB,266,Proportion of schools with improved drinking water sources,2019,76.99876999999999,Total,,%,,,,Total
Gabon,GA,GAB,266,Proportion of schools with improved drinking water sources,2020,76.99876999999999,Total,,%,,,,Total
Gabon,GA,GAB,266,Proportion of schools with improved drinking water sources,2021,76.99876999999999,Total,,%,,,,Total
Gabon,GA,GAB,266,Proportion of schools with improved drinking water sources,2022,76.99876999999999,Total,,%,,,,Total
Gabon,GA,GAB,266,Proportion of schools with improved drinking water sources,2023,76.99876999999999,Total,,%,,,,Total
Gambia,GM,GMB,270,Proportion of schools with improved drinking water sources,2004,69.56513084630501,Total,,%,,,,Total
Gambia,GM,GMB,270,Proportion of schools with improved drinking water sources,2005,69.56513084630501,Total,,%,,,,Total
Gambia,GM,GMB,270,Proportion of schools with improved drinking water sources,2006,69.56513084630501,Total,,%,,,,Total
Gambia,GM,GMB,270,Proportion of schools with improved drinking water sources,2007,69.56513084630501,Total,,%,,,,Total
Gambia,GM,GMB,270,Proportion of schools with improved drinking water sources,2008,69.56513084630501,Total,,%,,,,Total
Gambia,GM,GMB,270,Proportion of schools with improved drinking water sources,2009,70.11628754845287,Total,,%,,,,Total
Gambia,GM,GMB,270,Proportion of schools with improved drinking water sources,2010,70.66744425060074,Total,,%,,,,Total
Gambia,GM,GMB,270,Proportion of schools with improved drinking water sources,2011,71.2186009527486,Total,,%,,,,Total
Gambia,GM,GMB,270,Proportion of schools with improved drinking water sources,2012,71.76975765489647,Total,,%,,,,Total
Gambia,GM,GMB,270,Proportion of schools with improved drinking water sources,2013,72.32091435704433,Total,,%,,,,Total
Gambia,GM,GMB,270,Proportion of schools with improved drinking water sources,2014,72.87207105919219,Total,,%,,,,Total
Gambia,GM,GMB,270,Proportion of schools with improved drinking water sources,2015,73.42322776134006,Total,,%,,,,Total
Gambia,GM,GMB,270,Proportion of schools with improved drinking water sources,2016,73.97438446348792,Total,,%,,,,Total
Gambia,GM,GMB,270,Proportion of schools with improved drinking water sources,2017,74.52554116563579,Total,,%,,,,Total
Gambia,GM,GMB,270,Proportion of schools with improved drinking water sources,2018,75.07669786778365,Total,,%,,,,Total
Gambia,GM,GMB,270,Proportion of schools with improved drinking water sources,2019,75.62785456993176,Total,,%,,,,Total
Gambia,GM,GMB,270,Proportion of schools with improved drinking water sources,2020,76.17901127207961,Total,,%,,,,Total
Gambia,GM,GMB,270,Proportion of schools with improved drinking water sources,2021,76.73016797422748,Total,,%,,,,Total
Gambia,GM,GMB,270,Proportion of schools with improved drinking water sources,2022,77.28132467637533,Total,,%,,,,Total
Gambia,GM,GMB,270,Proportion of schools with improved drinking water sources,2023,77.83248137852321,Total,,%,,,,Total
Georgia,GE,GEO,268,Proportion of schools with improved drinking water sources,2009,90,Total,,%,,,,Total
Georgia,GE,GEO,268,Proportion of schools with improved drinking water sources,2010,90,Total,,%,,,,Total
Georgia,GE,GEO,268,Proportion of schools with improved drinking water sources,2011,90,Total,,%,,,,Total
Georgia,GE,GEO,268,Proportion of schools with improved drinking water sources,2012,90,Total,,%,,,,Total
Georgia,GE,GEO,268,Proportion of schools with improved drinking water sources,2013,90,Total,,%,,,,Total
Georgia,GE,GEO,268,Proportion of schools with improved drinking water sources,2014,90,Total,,%,,,,Total
Georgia,GE,GEO,268,Proportion of schools with improved drinking water sources,2015,90,Total,,%,,,,Total
Georgia,GE,GEO,268,Proportion of schools with improved drinking water sources,2016,90,Total,,%,,,,Total
Georgia,GE,GEO,268,Proportion of schools with improved drinking water sources,2017,90,Total,,%,,,,Total
Germany,DE,DEU,276,Proportion of schools with improved drinking water sources,2000,100,Total,,%,,,,Total
Germany,DE,DEU,276,Proportion of schools with improved drinking water sources,2001,100,Total,,%,,,,Total
Germany,DE,DEU,276,Proportion of schools with improved drinking water sources,2002,100,Total,,%,,,,Total
Germany,DE,DEU,276,Proportion of schools with improved drinking water sources,2003,100,Total,,%,,,,Total
Germany,DE,DEU,276,Proportion of schools with improved drinking water sources,2004,100,Total,,%,,,,Total
Germany,DE,DEU,276,Proportion of schools with improved drinking water sources,2005,100,Total,,%,,,,Total
Germany,DE,DEU,276,Proportion of schools with improved drinking water sources,2006,100,Total,,%,,,,Total
Germany,DE,DEU,276,Proportion of schools with improved drinking water sources,2007,100,Total,,%,,,,Total
Germany,DE,DEU,276,Proportion of schools with improved drinking water sources,2008,100,Total,,%,,,,Total
Germany,DE,DEU,276,Proportion of schools with improved drinking water sources,2009,100,Total,,%,,,,Total
Germany,DE,DEU,276,Proportion of schools with improved drinking water sources,2010,100,Total,,%,,,,Total
Germany,DE,DEU,276,Proportion of schools with improved drinking water sources,2011,100,Total,,%,,,,Total
Germany,DE,DEU,276,Proportion of schools with improved drinking water sources,2012,100,Total,,%,,,,Total
Germany,DE,DEU,276,Proportion of schools with improved drinking water sources,2013,100,Total,,%,,,,Total
Germany,DE,DEU,276,Proportion of schools with improved drinking water sources,2014,100,Total,,%,,,,Total
Germany,DE,DEU,276,Proportion of schools with improved drinking water sources,2015,100,Total,,%,,,,Total
Germany,DE,DEU,276,Proportion of schools with improved drinking water sources,2016,100,Total,,%,,,,Total
Germany,DE,DEU,276,Proportion of schools with improved drinking water sources,2017,100,Total,,%,,,,Total
Germany,DE,DEU,276,Proportion of schools with improved drinking water sources,2018,100,Total,,%,,,,Total
Germany,DE,DEU,276,Proportion of schools with improved drinking water sources,2019,100,Total,,%,,,,Total
Germany,DE,DEU,276,Proportion of schools with improved drinking water sources,2020,100,Total,,%,,,,Total
Germany,DE,DEU,276,Proportion of schools with improved drinking water sources,2021,100,Total,,%,,,,Total
Germany,DE,DEU,276,Proportion of schools with improved drinking water sources,2022,100,Total,,%,,,,Total
Germany,DE,DEU,276,Proportion of schools with improved drinking water sources,2023,100,Total,,%,,,,Total
Ghana,GH,GHA,288,Proportion of schools with improved drinking water sources,2013,66.09035057245319,Total,,%,,,,Total
Ghana,GH,GHA,288,Proportion of schools with improved drinking water sources,2014,67.70030915188454,Total,,%,,,,Total
Ghana,GH,GHA,288,Proportion of schools with improved drinking water sources,2015,69.31026773131634,Total,,%,,,,Total
Ghana,GH,GHA,288,Proportion of schools with improved drinking water sources,2016,70.92022631074769,Total,,%,,,,Total
Ghana,GH,GHA,288,Proportion of schools with improved drinking water sources,2017,72.53018489017904,Total,,%,,,,Total
Ghana,GH,GHA,288,Proportion of schools with improved drinking water sources,2018,74.14014346961039,Total,,%,,,,Total
Ghana,GH,GHA,288,Proportion of schools with improved drinking water sources,2019,75.7501020490422,Total,,%,,,,Total
Ghana,GH,GHA,288,Proportion of schools with improved drinking water sources,2020,77.36006062847355,Total,,%,,,,Total
Ghana,GH,GHA,288,Proportion of schools with improved drinking water sources,2021,78.9700192079049,Total,,%,,,,Total
Ghana,GH,GHA,288,Proportion of schools with improved drinking water sources,2022,80.57997778733625,Total,,%,,,,Total
Ghana,GH,GHA,288,Proportion of schools with improved drinking water sources,2023,82.18993636676805,Total,,%,,,,Total
Gibraltar,GI,GIB,292,Proportion of schools with improved drinking water sources,2000,100,Total,,%,,,,Total
Gibraltar,GI,GIB,292,Proportion of schools with improved drinking water sources,2001,100,Total,,%,,,,Total
Gibraltar,GI,GIB,292,Proportion of schools with improved drinking water sources,2002,100,Total,,%,,,,Total
Gibraltar,GI,GIB,292,Proportion of schools with improved drinking water sources,2003,100,Total,,%,,,,Total
Gibraltar,GI,GIB,292,Proportion of schools with improved drinking water sources,2004,100,Total,,%,,,,Total
Gibraltar,GI,GIB,292,Proportion of schools with improved drinking water sources,2005,100,Total,,%,,,,Total
Gibraltar,GI,GIB,292,Proportion of schools with improved drinking water sources,2006,100,Total,,%,,,,Total
Gibraltar,GI,GIB,292,Proportion of schools with improved drinking water sources,2007,100,Total,,%,,,,Total
Gibraltar,GI,GIB,292,Proportion of schools with improved drinking water sources,2008,100,Total,,%,,,,Total
Gibraltar,GI,GIB,292,Proportion of schools with improved drinking water sources,2009,100,Total,,%,,,,Total
Gibraltar,GI,GIB,292,Proportion of schools with improved drinking water sources,2010,100,Total,,%,,,,Total
Gibraltar,GI,GIB,292,Proportion of schools with improved drinking water sources,2011,100,Total,,%,,,,Total
Gibraltar,GI,GIB,292,Proportion of schools with improved drinking water sources,2012,100,Total,,%,,,,Total
Gibraltar,GI,GIB,292,Proportion of schools with improved drinking water sources,2013,100,Total,,%,,,,Total
Gibraltar,GI,GIB,292,Proportion of schools with improved drinking water sources,2014,100,Total,,%,,,,Total
Gibraltar,GI,GIB,292,Proportion of schools with improved drinking water sources,2015,100,Total,,%,,,,Total
Gibraltar,GI,GIB,292,Proportion of schools with improved drinking water sources,2016,100,Total,,%,,,,Total
Gibraltar,GI,GIB,292,Proportion of schools with improved drinking water sources,2017,100,Total,,%,,,,Total
Gibraltar,GI,GIB,292,Proportion of schools with improved drinking water sources,2018,100,Total,,%,,,,Total
Gibraltar,GI,GIB,292,Proportion of schools with improved drinking water sources,2019,100,Total,,%,,,,Total
Gibraltar,GI,GIB,292,Proportion of schools with improved drinking water sources,2020,100,Total,,%,,,,Total
Gibraltar,GI,GIB,292,Proportion of schools with improved drinking water sources,2021,100,Total,,%,,,,Total
Gibraltar,GI,GIB,292,Proportion of schools with improved drinking water sources,2022,100,Total,,%,,,,Total
Gibraltar,GI,GIB,292,Proportion of schools with improved drinking water sources,2023,100,Total,,%,,,,Total
Grenada,GD,GRD,308,Proportion of schools with improved drinking water sources,2000,100,Total,,%,,,,Total
Grenada,GD,GRD,308,Proportion of schools with improved drinking water sources,2001,100,Total,,%,,,,Total
Grenada,GD,GRD,308,Proportion of schools with improved drinking water sources,2002,100,Total,,%,,,,Total
Grenada,GD,GRD,308,Proportion of schools with improved drinking water sources,2003,100,Total,,%,,,,Total
Grenada,GD,GRD,308,Proportion of schools with improved drinking water sources,2004,100,Total,,%,,,,Total
Grenada,GD,GRD,308,Proportion of schools with improved drinking water sources,2005,100,Total,,%,,,,Total
Grenada,GD,GRD,308,Proportion of schools with improved drinking water sources,2006,100,Total,,%,,,,Total
Grenada,GD,GRD,308,Proportion of schools with improved drinking water sources,2007,100,Total,,%,,,,Total
Grenada,GD,GRD,308,Proportion of schools with improved drinking water sources,2008,100,Total,,%,,,,Total
Grenada,GD,GRD,308,Proportion of schools with improved drinking water sources,2009,100,Total,,%,,,,Total
Grenada,GD,GRD,308,Proportion of schools with improved drinking water sources,2010,100,Total,,%,,,,Total
Grenada,GD,GRD,308,Proportion of schools with improved drinking water sources,2011,100,Total,,%,,,,Total
Grenada,GD,GRD,308,Proportion of schools with improved drinking water sources,2012,100,Total,,%,,,,Total
Grenada,GD,GRD,308,Proportion of schools with improved drinking water sources,2013,100,Total,,%,,,,Total
Grenada,GD,GRD,308,Proportion of schools with improved drinking water sources,2014,100,Total,,%,,,,Total
Grenada,GD,GRD,308,Proportion of schools with improved drinking water sources,2015,100,Total,,%,,,,Total
Grenada,GD,GRD,308,Proportion of schools with improved drinking water sources,2016,100,Total,,%,,,,Total
Grenada,GD,GRD,308,Proportion of schools with improved drinking water sources,2017,100,Total,,%,,,,Total
Grenada,GD,GRD,308,Proportion of schools with improved drinking water sources,2018,100,Total,,%,,,,Total
Grenada,GD,GRD,308,Proportion of schools with improved drinking water sources,2019,100,Total,,%,,,,Total
Grenada,GD,GRD,308,Proportion of schools with improved drinking water sources,2020,100,Total,,%,,,,Total
Grenada,GD,GRD,308,Proportion of schools with improved drinking water sources,2021,100,Total,,%,,,,Total
Grenada,GD,GRD,308,Proportion of schools with improved drinking water sources,2022,100,Total,,%,,,,Total
Grenada,GD,GRD,308,Proportion of schools with improved drinking water sources,2023,100,Total,,%,,,,Total
Guatemala,GT,GTM,320,Proportion of schools with improved drinking water sources,2000,87.28004188605632,Total,,%,,,,Total
Guatemala,GT,GTM,320,Proportion of schools with improved drinking water sources,2001,87.28004188605632,Total,,%,,,,Total
Guatemala,GT,GTM,320,Proportion of schools with improved drinking water sources,2002,87.28004188605632,Total,,%,,,,Total
Guatemala,GT,GTM,320,Proportion of schools with improved drinking water sources,2003,87.28004188605632,Total,,%,,,,Total
Guatemala,GT,GTM,320,Proportion of schools with improved drinking water sources,2004,87.28004188605632,Total,,%,,,,Total
Guatemala,GT,GTM,320,Proportion of schools with improved drinking water sources,2005,86.36913897602471,Total,,%,,,,Total
Guatemala,GT,GTM,320,Proportion of schools with improved drinking water sources,2006,85.45823606599311,Total,,%,,,,Total
Guatemala,GT,GTM,320,Proportion of schools with improved drinking water sources,2007,84.5473331559615,Total,,%,,,,Total
Guatemala,GT,GTM,320,Proportion of schools with improved drinking water sources,2008,83.63643024593011,Total,,%,,,,Total
Guatemala,GT,GTM,320,Proportion of schools with improved drinking water sources,2009,82.72552733589851,Total,,%,,,,Total
Guatemala,GT,GTM,320,Proportion of schools with improved drinking water sources,2010,81.8146244258669,Total,,%,,,,Total
Guatemala,GT,GTM,320,Proportion of schools with improved drinking water sources,2011,80.90372151583529,Total,,%,,,,Total
Guatemala,GT,GTM,320,Proportion of schools with improved drinking water sources,2012,79.9928186058039,Total,,%,,,,Total
Guatemala,GT,GTM,320,Proportion of schools with improved drinking water sources,2013,79.0819156957723,Total,,%,,,,Total
Guatemala,GT,GTM,320,Proportion of schools with improved drinking water sources,2014,78.17101278574067,Total,,%,,,,Total
Guatemala,GT,GTM,320,Proportion of schools with improved drinking water sources,2015,77.26010987570908,Total,,%,,,,Total
Guatemala,GT,GTM,320,Proportion of schools with improved drinking water sources,2016,76.34920696567771,Total,,%,,,,Total
Guatemala,GT,GTM,320,Proportion of schools with improved drinking water sources,2017,75.43830405564609,Total,,%,,,,Total
Guatemala,GT,GTM,320,Proportion of schools with improved drinking water sources,2018,74.52740114561448,Total,,%,,,,Total
Guatemala,GT,GTM,320,Proportion of schools with improved drinking water sources,2019,73.61649823558287,Total,,%,,,,Total
Guatemala,GT,GTM,320,Proportion of schools with improved drinking water sources,2020,72.70559532555147,Total,,%,,,,Total
Guatemala,GT,GTM,320,Proportion of schools with improved drinking water sources,2021,71.79469241551988,Total,,%,,,,Total
Guatemala,GT,GTM,320,Proportion of schools with improved drinking water sources,2022,70.88378950548827,Total,,%,,,,Total
Guatemala,GT,GTM,320,Proportion of schools with improved drinking water sources,2023,69.97288659545666,Total,,%,,,,Total
Guinea-Bissau,GW,GNB,624,Proportion of schools with improved drinking water sources,2017,65.43722520762091,Total,,%,,,,Total
Guinea-Bissau,GW,GNB,624,Proportion of schools with improved drinking water sources,2018,65.43722520762091,Total,,%,,,,Total
Guinea-Bissau,GW,GNB,624,Proportion of schools with improved drinking water sources,2019,65.43722520762091,Total,,%,,,,Total
Guinea-Bissau,GW,GNB,624,Proportion of schools with improved drinking water sources,2020,65.43722520762091,Total,,%,,,,Total
Guinea-Bissau,GW,GNB,624,Proportion of schools with improved drinking water sources,2021,65.43722520762091,Total,,%,,,,Total
Guinea-Bissau,GW,GNB,624,Proportion of schools with improved drinking water sources,2022,65.43722520762091,Total,,%,,,,Total
Guinea-Bissau,GW,GNB,624,Proportion of schools with improved drinking water sources,2023,65.43722520762091,Total,,%,,,,Total
Guyana,GY,GUY,328,Proportion of schools with improved drinking water sources,2006,83,Total,,%,,,,Total
Guyana,GY,GUY,328,Proportion of schools with improved drinking water sources,2007,83,Total,,%,,,,Total
Guyana,GY,GUY,328,Proportion of schools with improved drinking water sources,2008,83,Total,,%,,,,Total
Guyana,GY,GUY,328,Proportion of schools with improved drinking water sources,2009,83,Total,,%,,,,Total
Guyana,GY,GUY,328,Proportion of schools with improved drinking water sources,2010,83,Total,,%,,,,Total
Guyana,GY,GUY,328,Proportion of schools with improved drinking water sources,2011,83,Total,,%,,,,Total
Guyana,GY,GUY,328,Proportion of schools with improved drinking water sources,2012,83,Total,,%,,,,Total
Guyana,GY,GUY,328,Proportion of schools with improved drinking water sources,2013,83,Total,,%,,,,Total
Guyana,GY,GUY,328,Proportion of schools with improved drinking water sources,2014,83,Total,,%,,,,Total
Haiti,HT,HTI,332,Proportion of schools with improved drinking water sources,2000,19.6883894776829,Total,,%,,,,Total
Haiti,HT,HTI,332,Proportion of schools with improved drinking water sources,2001,19.6883894776829,Total,,%,,,,Total
Haiti,HT,HTI,332,Proportion of schools with improved drinking water sources,2002,21.76026169769102,Total,,%,,,,Total
Haiti,HT,HTI,332,Proportion of schools with improved drinking water sources,2003,23.83213391769823,Total,,%,,,,Total
Haiti,HT,HTI,332,Proportion of schools with improved drinking water sources,2004,25.90400613770544,Total,,%,,,,Total
Haiti,HT,HTI,332,Proportion of schools with improved drinking water sources,2005,27.97587835771355,Total,,%,,,,Total
Haiti,HT,HTI,332,Proportion of schools with improved drinking water sources,2006,30.04775057772076,Total,,%,,,,Total
Haiti,HT,HTI,332,Proportion of schools with improved drinking water sources,2007,32.11962279772797,Total,,%,,,,Total
Haiti,HT,HTI,332,Proportion of schools with improved drinking water sources,2008,34.19149501773609,Total,,%,,,,Total
Haiti,HT,HTI,332,Proportion of schools with improved drinking water sources,2009,36.26336723774331,Total,,%,,,,Total
Haiti,HT,HTI,332,Proportion of schools with improved drinking water sources,2010,38.3352394577505,Total,,%,,,,Total
Haiti,HT,HTI,332,Proportion of schools with improved drinking water sources,2011,40.40711167775862,Total,,%,,,,Total
Haiti,HT,HTI,332,Proportion of schools with improved drinking water sources,2012,42.47898389776583,Total,,%,,,,Total
Haiti,HT,HTI,332,Proportion of schools with improved drinking water sources,2013,44.55085611777395,Total,,%,,,,Total
Haiti,HT,HTI,332,Proportion of schools with improved drinking water sources,2014,46.62272833778115,Total,,%,,,,Total
Haiti,HT,HTI,332,Proportion of schools with improved drinking water sources,2015,48.69460055778836,Total,,%,,,,Total
Haiti,HT,HTI,332,Proportion of schools with improved drinking water sources,2016,50.76647277779647,Total,,%,,,,Total
Haiti,HT,HTI,332,Proportion of schools with improved drinking water sources,2017,52.83834499780368,Total,,%,,,,Total
Haiti,HT,HTI,332,Proportion of schools with improved drinking water sources,2018,54.9102172178109,Total,,%,,,,Total
Haiti,HT,HTI,332,Proportion of schools with improved drinking water sources,2019,54.9102172178109,Total,,%,,,,Total
Haiti,HT,HTI,332,Proportion of schools with improved drinking water sources,2020,54.9102172178109,Total,,%,,,,Total
Haiti,HT,HTI,332,Proportion of schools with improved drinking water sources,2021,54.9102172178109,Total,,%,,,,Total
Haiti,HT,HTI,332,Proportion of schools with improved drinking water sources,2022,54.9102172178109,Total,,%,,,,Total
Honduras,HN,HND,340,Proportion of schools with improved drinking water sources,2000,73.92941873748549,Total,,%,,,,Total
Honduras,HN,HND,340,Proportion of schools with improved drinking water sources,2001,73.92941873748549,Total,,%,,,,Total
Honduras,HN,HND,340,Proportion of schools with improved drinking water sources,2002,73.92941873748549,Total,,%,,,,Total
Honduras,HN,HND,340,Proportion of schools with improved drinking water sources,2003,74.12650261740919,Total,,%,,,,Total
Honduras,HN,HND,340,Proportion of schools with improved drinking water sources,2004,74.32358649733294,Total,,%,,,,Total
Honduras,HN,HND,340,Proportion of schools with improved drinking water sources,2005,74.52067037725664,Total,,%,,,,Total
Honduras,HN,HND,340,Proportion of schools with improved drinking water sources,2006,74.71775425718033,Total,,%,,,,Total
Honduras,HN,HND,340,Proportion of schools with improved drinking water sources,2007,74.91483813710403,Total,,%,,,,Total
Honduras,HN,HND,340,Proportion of schools with improved drinking water sources,2008,75.11192201702772,Total,,%,,,,Total
Honduras,HN,HND,340,Proportion of schools with improved drinking water sources,2009,75.30900589695148,Total,,%,,,,Total
Honduras,HN,HND,340,Proportion of schools with improved drinking water sources,2010,75.50608977687517,Total,,%,,,,Total
Honduras,HN,HND,340,Proportion of schools with improved drinking water sources,2011,75.70317365679887,Total,,%,,,,Total
Honduras,HN,HND,340,Proportion of schools with improved drinking water sources,2012,75.90025753672256,Total,,%,,,,Total
Honduras,HN,HND,340,Proportion of schools with improved drinking water sources,2013,76.09734141664626,Total,,%,,,,Total
Honduras,HN,HND,340,Proportion of schools with improved drinking water sources,2014,76.29442529657001,Total,,%,,,,Total
Honduras,HN,HND,340,Proportion of schools with improved drinking water sources,2015,76.49150917649371,Total,,%,,,,Total
Honduras,HN,HND,340,Proportion of schools with improved drinking water sources,2016,76.6885930564174,Total,,%,,,,Total
Honduras,HN,HND,340,Proportion of schools with improved drinking water sources,2017,76.8856769363411,Total,,%,,,,Total
Honduras,HN,HND,340,Proportion of schools with improved drinking water sources,2018,77.08276081626479,Total,,%,,,,Total
Honduras,HN,HND,340,Proportion of schools with improved drinking water sources,2019,77.27984469618849,Total,,%,,,,Total
Honduras,HN,HND,340,Proportion of schools with improved drinking water sources,2020,77.47692857611224,Total,,%,,,,Total
Honduras,HN,HND,340,Proportion of schools with improved drinking water sources,2021,77.67401245603594,Total,,%,,,,Total
Honduras,HN,HND,340,Proportion of schools with improved drinking water sources,2022,77.87109633595963,Total,,%,,,,Total
Honduras,HN,HND,340,Proportion of schools with improved drinking water sources,2023,78.06818021588333,Total,,%,,,,Total
Hungary,HU,HUN,348,Proportion of schools with improved drinking water sources,2000,100,Total,,%,,,,Total
Hungary,HU,HUN,348,Proportion of schools with improved drinking water sources,2001,100,Total,,%,,,,Total
Hungary,HU,HUN,348,Proportion of schools with improved drinking water sources,2002,100,Total,,%,,,,Total
Hungary,HU,HUN,348,Proportion of schools with improved drinking water sources,2003,100,Total,,%,,,,Total
Hungary,HU,HUN,348,Proportion of schools with improved drinking water sources,2004,100,Total,,%,,,,Total
Hungary,HU,HUN,348,Proportion of schools with improved drinking water sources,2005,100,Total,,%,,,,Total
Hungary,HU,HUN,348,Proportion of schools with improved drinking water sources,2006,100,Total,,%,,,,Total
Hungary,HU,HUN,348,Proportion of schools with improved drinking water sources,2007,100,Total,,%,,,,Total
Hungary,HU,HUN,348,Proportion of schools with improved drinking water sources,2008,100,Total,,%,,,,Total
Hungary,HU,HUN,348,Proportion of schools with improved drinking water sources,2009,100,Total,,%,,,,Total
Hungary,HU,HUN,348,Proportion of schools with improved drinking water sources,2010,100,Total,,%,,,,Total
Hungary,HU,HUN,348,Proportion of schools with improved drinking water sources,2011,100,Total,,%,,,,Total
Hungary,HU,HUN,348,Proportion of schools with improved drinking water sources,2012,100,Total,,%,,,,Total
Hungary,HU,HUN,348,Proportion of schools with improved drinking water sources,2013,100,Total,,%,,,,Total
Hungary,HU,HUN,348,Proportion of schools with improved drinking water sources,2014,100,Total,,%,,,,Total
Hungary,HU,HUN,348,Proportion of schools with improved drinking water sources,2015,100,Total,,%,,,,Total
Hungary,HU,HUN,348,Proportion of schools with improved drinking water sources,2016,100,Total,,%,,,,Total
Hungary,HU,HUN,348,Proportion of schools with improved drinking water sources,2017,100,Total,,%,,,,Total
Hungary,HU,HUN,348,Proportion of schools with improved drinking water sources,2018,100,Total,,%,,,,Total
Hungary,HU,HUN,348,Proportion of schools with improved drinking water sources,2019,100,Total,,%,,,,Total
Hungary,HU,HUN,348,Proportion of schools with improved drinking water sources,2020,100,Total,,%,,,,Total
Hungary,HU,HUN,348,Proportion of schools with improved drinking water sources,2021,100,Total,,%,,,,Total
Hungary,HU,HUN,348,Proportion of schools with improved drinking water sources,2022,100,Total,,%,,,,Total
Hungary,HU,HUN,348,Proportion of schools with improved drinking water sources,2023,100,Total,,%,,,,Total
India,IN,IND,356,Proportion of schools with improved drinking water sources,2000,73.98559334480751,Total,,%,,,,Total
India,IN,IND,356,Proportion of schools with improved drinking water sources,2001,73.98559334480751,Total,,%,,,,Total
India,IN,IND,356,Proportion of schools with improved drinking water sources,2002,74.93655109472502,Total,,%,,,,Total
India,IN,IND,356,Proportion of schools with improved drinking water sources,2003,75.8875088446423,Total,,%,,,,Total
India,IN,IND,356,Proportion of schools with improved drinking water sources,2004,76.8384665945598,Total,,%,,,,Total
India,IN,IND,356,Proportion of schools with improved drinking water sources,2005,77.78942434447708,Total,,%,,,,Total
India,IN,IND,356,Proportion of schools with improved drinking water sources,2006,78.7403820943946,Total,,%,,,,Total
India,IN,IND,356,Proportion of schools with improved drinking water sources,2007,79.69133984431186,Total,,%,,,,Total
India,IN,IND,356,Proportion of schools with improved drinking water sources,2008,80.64229759422938,Total,,%,,,,Total
India,IN,IND,356,Proportion of schools with improved drinking water sources,2009,81.59325534414666,Total,,%,,,,Total
India,IN,IND,356,Proportion of schools with improved drinking water sources,2010,82.54421309406416,Total,,%,,,,Total
India,IN,IND,356,Proportion of schools with improved drinking water sources,2011,83.49517084398144,Total,,%,,,,Total
India,IN,IND,356,Proportion of schools with improved drinking water sources,2012,84.44612859389895,Total,,%,,,,Total
India,IN,IND,356,Proportion of schools with improved drinking water sources,2013,85.39708634381623,Total,,%,,,,Total
India,IN,IND,356,Proportion of schools with improved drinking water sources,2014,86.34804409373373,Total,,%,,,,Total
India,IN,IND,356,Proportion of schools with improved drinking water sources,2015,87.29900184365101,Total,,%,,,,Total
India,IN,IND,356,Proportion of schools with improved drinking water sources,2016,88.24995959356852,Total,,%,,,,Total
India,IN,IND,356,Proportion of schools with improved drinking water sources,2017,89.20091734348603,Total,,%,,,,Total
India,IN,IND,356,Proportion of schools with improved drinking water sources,2018,90.15187509340331,Total,,%,,,,Total
India,IN,IND,356,Proportion of schools with improved drinking water sources,2019,91.10283284332081,Total,,%,,,,Total
India,IN,IND,356,Proportion of schools with improved drinking water sources,2020,92.05379059323809,Total,,%,,,,Total
India,IN,IND,356,Proportion of schools with improved drinking water sources,2021,93.0047483431556,Total,,%,,,,Total
India,IN,IND,356,Proportion of schools with improved drinking water sources,2022,93.95570609307288,Total,,%,,,,Total
India,IN,IND,356,Proportion of schools with improved drinking water sources,2023,94.90666384299037,Total,,%,,,,Total
Indonesia,ID,IDN,360,Proportion of schools with improved drinking water sources,2010,84.42610122376091,Total,,%,,,,Total
Indonesia,ID,IDN,360,Proportion of schools with improved drinking water sources,2011,84.42610122376091,Total,,%,,,,Total
Indonesia,ID,IDN,360,Proportion of schools with improved drinking water sources,2012,84.42610122376091,Total,,%,,,,Total
Indonesia,ID,IDN,360,Proportion of schools with improved drinking water sources,2013,84.42610122376091,Total,,%,,,,Total
Indonesia,ID,IDN,360,Proportion of schools with improved drinking water sources,2014,84.42610122376091,Total,,%,,,,Total
Indonesia,ID,IDN,360,Proportion of schools with improved drinking water sources,2015,84.66628042973826,Total,,%,,,,Total
Indonesia,ID,IDN,360,Proportion of schools with improved drinking water sources,2016,84.90645963571563,Total,,%,,,,Total
Indonesia,ID,IDN,360,Proportion of schools with improved drinking water sources,2017,85.146638841693,Total,,%,,,,Total
Indonesia,ID,IDN,360,Proportion of schools with improved drinking water sources,2018,85.38681804767037,Total,,%,,,,Total
Indonesia,ID,IDN,360,Proportion of schools with improved drinking water sources,2019,85.6269972536478,Total,,%,,,,Total
Indonesia,ID,IDN,360,Proportion of schools with improved drinking water sources,2020,85.86717645962517,Total,,%,,,,Total
Indonesia,ID,IDN,360,Proportion of schools with improved drinking water sources,2021,86.10735566560254,Total,,%,,,,Total
Indonesia,ID,IDN,360,Proportion of schools with improved drinking water sources,2022,86.34753487157991,Total,,%,,,,Total
Indonesia,ID,IDN,360,Proportion of schools with improved drinking water sources,2023,86.58771407755728,Total,,%,,,,Total
Iraq,IQ,IRQ,368,Proportion of schools with improved drinking water sources,2012,84.57035625160846,Total,,%,,,,Total
Iraq,IQ,IRQ,368,Proportion of schools with improved drinking water sources,2013,84.57035625160846,Total,,%,,,,Total
Iraq,IQ,IRQ,368,Proportion of schools with improved drinking water sources,2014,84.57035625160846,Total,,%,,,,Total
Iraq,IQ,IRQ,368,Proportion of schools with improved drinking water sources,2015,84.57035625160846,Total,,%,,,,Total
Iraq,IQ,IRQ,368,Proportion of schools with improved drinking water sources,2016,84.57035625160846,Total,,%,,,,Total
Iraq,IQ,IRQ,368,Proportion of schools with improved drinking water sources,2017,84.57035625160846,Total,,%,,,,Total
Iraq,IQ,IRQ,368,Proportion of schools with improved drinking water sources,2018,84.57035625160846,Total,,%,,,,Total
Iraq,IQ,IRQ,368,Proportion of schools with improved drinking water sources,2019,84.57035625160846,Total,,%,,,,Total
Iraq,IQ,IRQ,368,Proportion of schools with improved drinking water sources,2020,84.57035625160846,Total,,%,,,,Total
Iraq,IQ,IRQ,368,Proportion of schools with improved drinking water sources,2021,84.57035625160846,Total,,%,,,,Total
Iraq,IQ,IRQ,368,Proportion of schools with improved drinking water sources,2022,84.57035625160846,Total,,%,,,,Total
Iraq,IQ,IRQ,368,Proportion of schools with improved drinking water sources,2023,84.57035625160846,Total,,%,,,,Total
Israel,IL,ISR,376,Proportion of schools with improved drinking water sources,2000,100,Total,,%,,,,Total
Israel,IL,ISR,376,Proportion of schools with improved drinking water sources,2001,100,Total,,%,,,,Total
Israel,IL,ISR,376,Proportion of schools with improved drinking water sources,2002,100,Total,,%,,,,Total
Israel,IL,ISR,376,Proportion of schools with improved drinking water sources,2003,100,Total,,%,,,,Total
Israel,IL,ISR,376,Proportion of schools with improved drinking water sources,2004,100,Total,,%,,,,Total
Israel,IL,ISR,376,Proportion of schools with improved drinking water sources,2005,100,Total,,%,,,,Total
Israel,IL,ISR,376,Proportion of schools with improved drinking water sources,2006,100,Total,,%,,,,Total
Israel,IL,ISR,376,Proportion of schools with improved drinking water sources,2007,100,Total,,%,,,,Total
Israel,IL,ISR,376,Proportion of schools with improved drinking water sources,2008,100,Total,,%,,,,Total
Israel,IL,ISR,376,Proportion of schools with improved drinking water sources,2009,100,Total,,%,,,,Total
Israel,IL,ISR,376,Proportion of schools with improved drinking water sources,2010,100,Total,,%,,,,Total
Israel,IL,ISR,376,Proportion of schools with improved drinking water sources,2011,100,Total,,%,,,,Total
Israel,IL,ISR,376,Proportion of schools with improved drinking water sources,2012,100,Total,,%,,,,Total
Israel,IL,ISR,376,Proportion of schools with improved drinking water sources,2013,100,Total,,%,,,,Total
Israel,IL,ISR,376,Proportion of schools with improved drinking water sources,2014,100,Total,,%,,,,Total
Israel,IL,ISR,376,Proportion of schools with improved drinking water sources,2015,100,Total,,%,,,,Total
Israel,IL,ISR,376,Proportion of schools with improved drinking water sources,2016,100,Total,,%,,,,Total
Israel,IL,ISR,376,Proportion of schools with improved drinking water sources,2017,100,Total,,%,,,,Total
Israel,IL,ISR,376,Proportion of schools with improved drinking water sources,2018,100,Total,,%,,,,Total
Israel,IL,ISR,376,Proportion of schools with improved drinking water sources,2019,100,Total,,%,,,,Total
Israel,IL,ISR,376,Proportion of schools with improved drinking water sources,2020,100,Total,,%,,,,Total
Israel,IL,ISR,376,Proportion of schools with improved drinking water sources,2021,100,Total,,%,,,,Total
Israel,IL,ISR,376,Proportion of schools with improved drinking water sources,2022,100,Total,,%,,,,Total
Israel,IL,ISR,376,Proportion of schools with improved drinking water sources,2023,100,Total,,%,,,,Total
Italy,IT,ITA,380,Proportion of schools with improved drinking water sources,2000,100,Total,,%,,,,Total
Italy,IT,ITA,380,Proportion of schools with improved drinking water sources,2001,100,Total,,%,,,,Total
Italy,IT,ITA,380,Proportion of schools with improved drinking water sources,2002,100,Total,,%,,,,Total
Italy,IT,ITA,380,Proportion of schools with improved drinking water sources,2003,100,Total,,%,,,,Total
Italy,IT,ITA,380,Proportion of schools with improved drinking water sources,2004,100,Total,,%,,,,Total
Italy,IT,ITA,380,Proportion of schools with improved drinking water sources,2005,100,Total,,%,,,,Total
Italy,IT,ITA,380,Proportion of schools with improved drinking water sources,2006,100,Total,,%,,,,Total
Italy,IT,ITA,380,Proportion of schools with improved drinking water sources,2007,100,Total,,%,,,,Total
Italy,IT,ITA,380,Proportion of schools with improved drinking water sources,2008,100,Total,,%,,,,Total
Italy,IT,ITA,380,Proportion of schools with improved drinking water sources,2009,100,Total,,%,,,,Total
Italy,IT,ITA,380,Proportion of schools with improved drinking water sources,2010,100,Total,,%,,,,Total
Italy,IT,ITA,380,Proportion of schools with improved drinking water sources,2011,100,Total,,%,,,,Total
Italy,IT,ITA,380,Proportion of schools with improved drinking water sources,2012,100,Total,,%,,,,Total
Italy,IT,ITA,380,Proportion of schools with improved drinking water sources,2013,100,Total,,%,,,,Total
Italy,IT,ITA,380,Proportion of schools with improved drinking water sources,2014,100,Total,,%,,,,Total
Italy,IT,ITA,380,Proportion of schools with improved drinking water sources,2015,100,Total,,%,,,,Total
Italy,IT,ITA,380,Proportion of schools with improved drinking water sources,2016,100,Total,,%,,,,Total
Italy,IT,ITA,380,Proportion of schools with improved drinking water sources,2017,100,Total,,%,,,,Total
Italy,IT,ITA,380,Proportion of schools with improved drinking water sources,2018,100,Total,,%,,,,Total
Italy,IT,ITA,380,Proportion of schools with improved drinking water sources,2019,100,Total,,%,,,,Total
Italy,IT,ITA,380,Proportion of schools with improved drinking water sources,2020,100,Total,,%,,,,Total
Italy,IT,ITA,380,Proportion of schools with improved drinking water sources,2021,100,Total,,%,,,,Total
Italy,IT,ITA,380,Proportion of schools with improved drinking water sources,2022,100,Total,,%,,,,Total
Italy,IT,ITA,380,Proportion of schools with improved drinking water sources,2023,100,Total,,%,,,,Total
Jordan,JO,JOR,400,Proportion of schools with improved drinking water sources,2000,99.67400162999186,Total,,%,,,,Total
Jordan,JO,JOR,400,Proportion of schools with improved drinking water sources,2001,99.67400162999186,Total,,%,,,,Total
Jordan,JO,JOR,400,Proportion of schools with improved drinking water sources,2002,99.67400162999186,Total,,%,,,,Total
Jordan,JO,JOR,400,Proportion of schools with improved drinking water sources,2003,99.67400162999186,Total,,%,,,,Total
Jordan,JO,JOR,400,Proportion of schools with improved drinking water sources,2004,99.67400162999186,Total,,%,,,,Total
Jordan,JO,JOR,400,Proportion of schools with improved drinking water sources,2005,99.67400162999186,Total,,%,,,,Total
Jordan,JO,JOR,400,Proportion of schools with improved drinking water sources,2006,99.67400162999186,Total,,%,,,,Total
Jordan,JO,JOR,400,Proportion of schools with improved drinking water sources,2007,99.67400162999186,Total,,%,,,,Total
Jordan,JO,JOR,400,Proportion of schools with improved drinking water sources,2008,99.67400162999186,Total,,%,,,,Total
Jordan,JO,JOR,400,Proportion of schools with improved drinking water sources,2009,99.67400162999186,Total,,%,,,,Total
Jordan,JO,JOR,400,Proportion of schools with improved drinking water sources,2010,99.67400162999186,Total,,%,,,,Total
Jordan,JO,JOR,400,Proportion of schools with improved drinking water sources,2011,99.67400162999186,Total,,%,,,,Total
Jordan,JO,JOR,400,Proportion of schools with improved drinking water sources,2012,99.67400162999186,Total,,%,,,,Total
Jordan,JO,JOR,400,Proportion of schools with improved drinking water sources,2013,99.67400162999186,Total,,%,,,,Total
Jordan,JO,JOR,400,Proportion of schools with improved drinking water sources,2014,99.71805546377675,Total,,%,,,,Total
Jordan,JO,JOR,400,Proportion of schools with improved drinking water sources,2015,99.76210929756162,Total,,%,,,,Total
Jordan,JO,JOR,400,Proportion of schools with improved drinking water sources,2016,99.80616313134651,Total,,%,,,,Total
Jordan,JO,JOR,400,Proportion of schools with improved drinking water sources,2017,99.85021696513139,Total,,%,,,,Total
Jordan,JO,JOR,400,Proportion of schools with improved drinking water sources,2018,99.89427079891627,Total,,%,,,,Total
Jordan,JO,JOR,400,Proportion of schools with improved drinking water sources,2019,99.93832463270115,Total,,%,,,,Total
Jordan,JO,JOR,400,Proportion of schools with improved drinking water sources,2020,99.98237846648604,Total,,%,,,,Total
Jordan,JO,JOR,400,Proportion of schools with improved drinking water sources,2021,100,Total,,%,,,,Total
Jordan,JO,JOR,400,Proportion of schools with improved drinking water sources,2022,100,Total,,%,,,,Total
Jordan,JO,JOR,400,Proportion of schools with improved drinking water sources,2023,100,Total,,%,,,,Total
Kenya,KE,KEN,404,Proportion of schools with improved drinking water sources,2010,75.42245924243653,Total,,%,,,,Total
Kenya,KE,KEN,404,Proportion of schools with improved drinking water sources,2011,75.42245924243653,Total,,%,,,,Total
Kenya,KE,KEN,404,Proportion of schools with improved drinking water sources,2012,75.42245924243653,Total,,%,,,,Total
Kenya,KE,KEN,404,Proportion of schools with improved drinking water sources,2013,75.42245924243653,Total,,%,,,,Total
Kenya,KE,KEN,404,Proportion of schools with improved drinking water sources,2014,75.42245924243653,Total,,%,,,,Total
Kenya,KE,KEN,404,Proportion of schools with improved drinking water sources,2015,75.42245924243653,Total,,%,,,,Total
Kenya,KE,KEN,404,Proportion of schools with improved drinking water sources,2016,75.42245924243653,Total,,%,,,,Total
Kenya,KE,KEN,404,Proportion of schools with improved drinking water sources,2017,75.42245924243653,Total,,%,,,,Total
Kenya,KE,KEN,404,Proportion of schools with improved drinking water sources,2018,75.42245924243653,Total,,%,,,,Total
Kiribati,KI,KIR,296,Proportion of schools with improved drinking water sources,2000,54.07359951267154,Total,,%,,,,Total
Kiribati,KI,KIR,296,Proportion of schools with improved drinking water sources,2001,54.07359951267154,Total,,%,,,,Total
Kiribati,KI,KIR,296,Proportion of schools with improved drinking water sources,2002,54.07359951267154,Total,,%,,,,Total
Kiribati,KI,KIR,296,Proportion of schools with improved drinking water sources,2003,54.07359951267154,Total,,%,,,,Total
Kiribati,KI,KIR,296,Proportion of schools with improved drinking water sources,2004,54.07359951267154,Total,,%,,,,Total
Kiribati,KI,KIR,296,Proportion of schools with improved drinking water sources,2005,55.21715042542201,Total,,%,,,,Total
Kiribati,KI,KIR,296,Proportion of schools with improved drinking water sources,2006,56.36070133817248,Total,,%,,,,Total
Kiribati,KI,KIR,296,Proportion of schools with improved drinking water sources,2007,57.50425225092296,Total,,%,,,,Total
Kiribati,KI,KIR,296,Proportion of schools with improved drinking water sources,2008,58.64780316367342,Total,,%,,,,Total
Kiribati,KI,KIR,296,Proportion of schools with improved drinking water sources,2009,59.79135407642389,Total,,%,,,,Total
Kiribati,KI,KIR,296,Proportion of schools with improved drinking water sources,2010,60.93490498917436,Total,,%,,,,Total
Kiribati,KI,KIR,296,Proportion of schools with improved drinking water sources,2011,62.07845590192483,Total,,%,,,,Total
Kiribati,KI,KIR,296,Proportion of schools with improved drinking water sources,2012,63.22200681467529,Total,,%,,,,Total
Kiribati,KI,KIR,296,Proportion of schools with improved drinking water sources,2013,64.36555772742577,Total,,%,,,,Total
Kiribati,KI,KIR,296,Proportion of schools with improved drinking water sources,2014,65.50910864017624,Total,,%,,,,Total
Kiribati,KI,KIR,296,Proportion of schools with improved drinking water sources,2015,66.65265955292671,Total,,%,,,,Total
Kiribati,KI,KIR,296,Proportion of schools with improved drinking water sources,2016,67.79621046567763,Total,,%,,,,Total
Kiribati,KI,KIR,296,Proportion of schools with improved drinking water sources,2017,68.9397613784281,Total,,%,,,,Total
Kiribati,KI,KIR,296,Proportion of schools with improved drinking water sources,2018,70.08331229117857,Total,,%,,,,Total
Kiribati,KI,KIR,296,Proportion of schools with improved drinking water sources,2019,71.22686320392904,Total,,%,,,,Total
Kiribati,KI,KIR,296,Proportion of schools with improved drinking water sources,2020,72.37041411667951,Total,,%,,,,Total
Kiribati,KI,KIR,296,Proportion of schools with improved drinking water sources,2021,73.51396502942998,Total,,%,,,,Total
Kiribati,KI,KIR,296,Proportion of schools with improved drinking water sources,2022,74.65751594218045,Total,,%,,,,Total
Kiribati,KI,KIR,296,Proportion of schools with improved drinking water sources,2023,75.80106685493092,Total,,%,,,,Total
Kuwait,KW,KWT,414,Proportion of schools with improved drinking water sources,2000,100,Total,,%,,,,Total
Kuwait,KW,KWT,414,Proportion of schools with improved drinking water sources,2001,100,Total,,%,,,,Total
Kuwait,KW,KWT,414,Proportion of schools with improved drinking water sources,2002,100,Total,,%,,,,Total
Kuwait,KW,KWT,414,Proportion of schools with improved drinking water sources,2003,100,Total,,%,,,,Total
Kuwait,KW,KWT,414,Proportion of schools with improved drinking water sources,2004,100,Total,,%,,,,Total
Kuwait,KW,KWT,414,Proportion of schools with improved drinking water sources,2005,100,Total,,%,,,,Total
Kuwait,KW,KWT,414,Proportion of schools with improved drinking water sources,2006,100,Total,,%,,,,Total
Kuwait,KW,KWT,414,Proportion of schools with improved drinking water sources,2007,100,Total,,%,,,,Total
Kuwait,KW,KWT,414,Proportion of schools with improved drinking water sources,2008,100,Total,,%,,,,Total
Kuwait,KW,KWT,414,Proportion of schools with improved drinking water sources,2009,100,Total,,%,,,,Total
Kuwait,KW,KWT,414,Proportion of schools with improved drinking water sources,2010,100,Total,,%,,,,Total
Kuwait,KW,KWT,414,Proportion of schools with improved drinking water sources,2011,100,Total,,%,,,,Total
Kuwait,KW,KWT,414,Proportion of schools with improved drinking water sources,2012,100,Total,,%,,,,Total
Kuwait,KW,KWT,414,Proportion of schools with improved drinking water sources,2013,100,Total,,%,,,,Total
Kuwait,KW,KWT,414,Proportion of schools with improved drinking water sources,2014,100,Total,,%,,,,Total
Kuwait,KW,KWT,414,Proportion of schools with improved drinking water sources,2015,100,Total,,%,,,,Total
Kuwait,KW,KWT,414,Proportion of schools with improved drinking water sources,2016,100,Total,,%,,,,Total
Kuwait,KW,KWT,414,Proportion of schools with improved drinking water sources,2017,100,Total,,%,,,,Total
Kuwait,KW,KWT,414,Proportion of schools with improved drinking water sources,2018,100,Total,,%,,,,Total
Kuwait,KW,KWT,414,Proportion of schools with improved drinking water sources,2019,100,Total,,%,,,,Total
Kuwait,KW,KWT,414,Proportion of schools with improved drinking water sources,2020,100,Total,,%,,,,Total
Kuwait,KW,KWT,414,Proportion of schools with improved drinking water sources,2021,100,Total,,%,,,,Total
Kuwait,KW,KWT,414,Proportion of schools with improved drinking water sources,2022,100,Total,,%,,,,Total
Kuwait,KW,KWT,414,Proportion of schools with improved drinking water sources,2023,100,Total,,%,,,,Total
Lao People's Democratic Republic,LA,LAO,418,Proportion of schools with improved drinking water sources,2011,53.24519297810639,Total,,%,,,,Total
Lao People's Democratic Republic,LA,LAO,418,Proportion of schools with improved drinking water sources,2012,56.20433329201478,Total,,%,,,,Total
Lao People's Democratic Republic,LA,LAO,418,Proportion of schools with improved drinking water sources,2013,59.16347360592408,Total,,%,,,,Total
Lao People's Democratic Republic,LA,LAO,418,Proportion of schools with improved drinking water sources,2014,61.83721842401974,Total,,%,,,,Total
Lao People's Democratic Republic,LA,LAO,418,Proportion of schools with improved drinking water sources,2015,61.83721842401974,Total,,%,,,,Total
Lao People's Democratic Republic,LA,LAO,418,Proportion of schools with improved drinking water sources,2016,64.58110921201023,Total,,%,,,,Total
Lao People's Democratic Republic,LA,LAO,418,Proportion of schools with improved drinking water sources,2017,67.32499999999982,Total,,%,,,,Total
Lao People's Democratic Republic,LA,LAO,418,Proportion of schools with improved drinking water sources,2018,70.0688907879894,Total,,%,,,,Total
Lao People's Democratic Republic,LA,LAO,418,Proportion of schools with improved drinking water sources,2019,72.8127815759799,Total,,%,,,,Total
Lao People's Democratic Republic,LA,LAO,418,Proportion of schools with improved drinking water sources,2020,75.55667236396948,Total,,%,,,,Total
Lao People's Democratic Republic,LA,LAO,418,Proportion of schools with improved drinking water sources,2021,76.91831548937807,Total,,%,,,,Total
Lao People's Democratic Republic,LA,LAO,418,Proportion of schools with improved drinking water sources,2022,76.91831548937807,Total,,%,,,,Total
Lao People's Democratic Republic,LA,LAO,418,Proportion of schools with improved drinking water sources,2023,76.91831548937807,Total,,%,,,,Total
Latvia,LV,LVA,428,Proportion of schools with improved drinking water sources,2000,100,Total,,%,,,,Total
Latvia,LV,LVA,428,Proportion of schools with improved drinking water sources,2001,100,Total,,%,,,,Total
Latvia,LV,LVA,428,Proportion of schools with improved drinking water sources,2002,100,Total,,%,,,,Total
Latvia,LV,LVA,428,Proportion of schools with improved drinking water sources,2003,100,Total,,%,,,,Total
Latvia,LV,LVA,428,Proportion of schools with improved drinking water sources,2004,100,Total,,%,,,,Total
Latvia,LV,LVA,428,Proportion of schools with improved drinking water sources,2005,100,Total,,%,,,,Total
Latvia,LV,LVA,428,Proportion of schools with improved drinking water sources,2006,100,Total,,%,,,,Total
Latvia,LV,LVA,428,Proportion of schools with improved drinking water sources,2007,100,Total,,%,,,,Total
Latvia,LV,LVA,428,Proportion of schools with improved drinking water sources,2008,100,Total,,%,,,,Total
Latvia,LV,LVA,428,Proportion of schools with improved drinking water sources,2009,100,Total,,%,,,,Total
Latvia,LV,LVA,428,Proportion of schools with improved drinking water sources,2010,100,Total,,%,,,,Total
Latvia,LV,LVA,428,Proportion of schools with improved drinking water sources,2011,100,Total,,%,,,,Total
Latvia,LV,LVA,428,Proportion of schools with improved drinking water sources,2012,100,Total,,%,,,,Total
Latvia,LV,LVA,428,Proportion of schools with improved drinking water sources,2013,100,Total,,%,,,,Total
Latvia,LV,LVA,428,Proportion of schools with improved drinking water sources,2014,100,Total,,%,,,,Total
Latvia,LV,LVA,428,Proportion of schools with improved drinking water sources,2015,100,Total,,%,,,,Total
Latvia,LV,LVA,428,Proportion of schools with improved drinking water sources,2016,100,Total,,%,,,,Total
Latvia,LV,LVA,428,Proportion of schools with improved drinking water sources,2017,100,Total,,%,,,,Total
Latvia,LV,LVA,428,Proportion of schools with improved drinking water sources,2018,100,Total,,%,,,,Total
Latvia,LV,LVA,428,Proportion of schools with improved drinking water sources,2019,100,Total,,%,,,,Total
Latvia,LV,LVA,428,Proportion of schools with improved drinking water sources,2020,100,Total,,%,,,,Total
Latvia,LV,LVA,428,Proportion of schools with improved drinking water sources,2021,100,Total,,%,,,,Total
Latvia,LV,LVA,428,Proportion of schools with improved drinking water sources,2022,100,Total,,%,,,,Total
Latvia,LV,LVA,428,Proportion of schools with improved drinking water sources,2023,100,Total,,%,,,,Total
Lebanon,LB,LBN,422,Proportion of schools with improved drinking water sources,2013,60.15,Total,,%,,,,Total
Lebanon,LB,LBN,422,Proportion of schools with improved drinking water sources,2014,60.15,Total,,%,,,,Total
Lebanon,LB,LBN,422,Proportion of schools with improved drinking water sources,2015,60.15,Total,,%,,,,Total
Lebanon,LB,LBN,422,Proportion of schools with improved drinking water sources,2016,60.15,Total,,%,,,,Total
Lebanon,LB,LBN,422,Proportion of schools with improved drinking water sources,2017,60.15,Total,,%,,,,Total
Lebanon,LB,LBN,422,Proportion of schools with improved drinking water sources,2018,60.15,Total,,%,,,,Total
Lebanon,LB,LBN,422,Proportion of schools with improved drinking water sources,2019,60.15,Total,,%,,,,Total
Lebanon,LB,LBN,422,Proportion of schools with improved drinking water sources,2020,60.15,Total,,%,,,,Total
Lebanon,LB,LBN,422,Proportion of schools with improved drinking water sources,2021,60.15,Total,,%,,,,Total
Liberia,LR,LBR,430,Proportion of schools with improved drinking water sources,2006,63.28348539961144,Total,,%,,,,Total
Liberia,LR,LBR,430,Proportion of schools with improved drinking water sources,2007,57.50604689610464,Total,,%,,,,Total
Liberia,LR,LBR,430,Proportion of schools with improved drinking water sources,2008,57.50604689610464,Total,,%,,,,Total
Liberia,LR,LBR,430,Proportion of schools with improved drinking water sources,2009,57.50604689610464,Total,,%,,,,Total
Liberia,LR,LBR,430,Proportion of schools with improved drinking water sources,2010,57.50604689610464,Total,,%,,,,Total
Liberia,LR,LBR,430,Proportion of schools with improved drinking water sources,2011,57.50604689610464,Total,,%,,,,Total
Liberia,LR,LBR,430,Proportion of schools with improved drinking water sources,2012,58.85162481303678,Total,,%,,,,Total
Liberia,LR,LBR,430,Proportion of schools with improved drinking water sources,2013,59.05363812333645,Total,,%,,,,Total
Liberia,LR,LBR,430,Proportion of schools with improved drinking water sources,2014,57.64368903124523,Total,,%,,,,Total
Liberia,LR,LBR,430,Proportion of schools with improved drinking water sources,2015,56.23373993915357,Total,,%,,,,Total
Liberia,LR,LBR,430,Proportion of schools with improved drinking water sources,2016,54.8237908470619,Total,,%,,,,Total
Liberia,LR,LBR,430,Proportion of schools with improved drinking water sources,2017,53.41384175497024,Total,,%,,,,Total
Liberia,LR,LBR,430,Proportion of schools with improved drinking water sources,2018,52.00389266287904,Total,,%,,,,Total
Liberia,LR,LBR,430,Proportion of schools with improved drinking water sources,2019,52.00389266287904,Total,,%,,,,Total
Liberia,LR,LBR,430,Proportion of schools with improved drinking water sources,2020,52.00389266287904,Total,,%,,,,Total
Liberia,LR,LBR,430,Proportion of schools with improved drinking water sources,2021,52.00389266287904,Total,,%,,,,Total
Liberia,LR,LBR,430,Proportion of schools with improved drinking water sources,2022,52.00389266287904,Total,,%,,,,Total
Libyan Arab Jamahiriya,LY,LBY,434,Proportion of schools with improved drinking water sources,2013,84,Total,,%,,,,Total
Libyan Arab Jamahiriya,LY,LBY,434,Proportion of schools with improved drinking water sources,2014,84,Total,,%,,,,Total
Libyan Arab Jamahiriya,LY,LBY,434,Proportion of schools with improved drinking water sources,2015,84,Total,,%,,,,Total
Libyan Arab Jamahiriya,LY,LBY,434,Proportion of schools with improved drinking water sources,2016,84,Total,,%,,,,Total
Libyan Arab Jamahiriya,LY,LBY,434,Proportion of schools with improved drinking water sources,2017,84,Total,,%,,,,Total
Libyan Arab Jamahiriya,LY,LBY,434,Proportion of schools with improved drinking water sources,2018,84,Total,,%,,,,Total
Libyan Arab Jamahiriya,LY,LBY,434,Proportion of schools with improved drinking water sources,2019,84,Total,,%,,,,Total
Libyan Arab Jamahiriya,LY,LBY,434,Proportion of schools with improved drinking water sources,2020,84,Total,,%,,,,Total
Libyan Arab Jamahiriya,LY,LBY,434,Proportion of schools with improved drinking water sources,2021,84,Total,,%,,,,Total
Lithuania,LT,LTU,440,Proportion of schools with improved drinking water sources,2000,100,Total,,%,,,,Total
Lithuania,LT,LTU,440,Proportion of schools with improved drinking water sources,2001,100,Total,,%,,,,Total
Lithuania,LT,LTU,440,Proportion of schools with improved drinking water sources,2002,100,Total,,%,,,,Total
Lithuania,LT,LTU,440,Proportion of schools with improved drinking water sources,2003,100,Total,,%,,,,Total
Lithuania,LT,LTU,440,Proportion of schools with improved drinking water sources,2004,100,Total,,%,,,,Total
Lithuania,LT,LTU,440,Proportion of schools with improved drinking water sources,2005,100,Total,,%,,,,Total
Lithuania,LT,LTU,440,Proportion of schools with improved drinking water sources,2006,100,Total,,%,,,,Total
Lithuania,LT,LTU,440,Proportion of schools with improved drinking water sources,2007,100,Total,,%,,,,Total
Lithuania,LT,LTU,440,Proportion of schools with improved drinking water sources,2008,100,Total,,%,,,,Total
Lithuania,LT,LTU,440,Proportion of schools with improved drinking water sources,2009,100,Total,,%,,,,Total
Lithuania,LT,LTU,440,Proportion of schools with improved drinking water sources,2010,100,Total,,%,,,,Total
Lithuania,LT,LTU,440,Proportion of schools with improved drinking water sources,2011,100,Total,,%,,,,Total
Lithuania,LT,LTU,440,Proportion of schools with improved drinking water sources,2012,100,Total,,%,,,,Total
Lithuania,LT,LTU,440,Proportion of schools with improved drinking water sources,2013,100,Total,,%,,,,Total
Lithuania,LT,LTU,440,Proportion of schools with improved drinking water sources,2014,100,Total,,%,,,,Total
Lithuania,LT,LTU,440,Proportion of schools with improved drinking water sources,2015,100,Total,,%,,,,Total
Lithuania,LT,LTU,440,Proportion of schools with improved drinking water sources,2016,100,Total,,%,,,,Total
Lithuania,LT,LTU,440,Proportion of schools with improved drinking water sources,2017,100,Total,,%,,,,Total
Lithuania,LT,LTU,440,Proportion of schools with improved drinking water sources,2018,100,Total,,%,,,,Total
Lithuania,LT,LTU,440,Proportion of schools with improved drinking water sources,2019,100,Total,,%,,,,Total
Lithuania,LT,LTU,440,Proportion of schools with improved drinking water sources,2020,100,Total,,%,,,,Total
Lithuania,LT,LTU,440,Proportion of schools with improved drinking water sources,2021,100,Total,,%,,,,Total
Lithuania,LT,LTU,440,Proportion of schools with improved drinking water sources,2022,100,Total,,%,,,,Total
Lithuania,LT,LTU,440,Proportion of schools with improved drinking water sources,2023,100,Total,,%,,,,Total
Luxembourg,LU,LUX,442,Proportion of schools with improved drinking water sources,2000,100,Total,,%,,,,Total
Luxembourg,LU,LUX,442,Proportion of schools with improved drinking water sources,2001,100,Total,,%,,,,Total
Luxembourg,LU,LUX,442,Proportion of schools with improved drinking water sources,2002,100,Total,,%,,,,Total
Luxembourg,LU,LUX,442,Proportion of schools with improved drinking water sources,2003,100,Total,,%,,,,Total
Luxembourg,LU,LUX,442,Proportion of schools with improved drinking water sources,2004,100,Total,,%,,,,Total
Luxembourg,LU,LUX,442,Proportion of schools with improved drinking water sources,2005,100,Total,,%,,,,Total
Luxembourg,LU,LUX,442,Proportion of schools with improved drinking water sources,2006,100,Total,,%,,,,Total
Luxembourg,LU,LUX,442,Proportion of schools with improved drinking water sources,2007,100,Total,,%,,,,Total
Luxembourg,LU,LUX,442,Proportion of schools with improved drinking water sources,2008,100,Total,,%,,,,Total
Luxembourg,LU,LUX,442,Proportion of schools with improved drinking water sources,2009,100,Total,,%,,,,Total
Luxembourg,LU,LUX,442,Proportion of schools with improved drinking water sources,2010,100,Total,,%,,,,Total
Luxembourg,LU,LUX,442,Proportion of schools with improved drinking water sources,2011,100,Total,,%,,,,Total
Luxembourg,LU,LUX,442,Proportion of schools with improved drinking water sources,2012,100,Total,,%,,,,Total
Luxembourg,LU,LUX,442,Proportion of schools with improved drinking water sources,2013,100,Total,,%,,,,Total
Luxembourg,LU,LUX,442,Proportion of schools with improved drinking water sources,2014,100,Total,,%,,,,Total
Luxembourg,LU,LUX,442,Proportion of schools with improved drinking water sources,2015,100,Total,,%,,,,Total
Luxembourg,LU,LUX,442,Proportion of schools with improved drinking water sources,2016,100,Total,,%,,,,Total
Luxembourg,LU,LUX,442,Proportion of schools with improved drinking water sources,2017,100,Total,,%,,,,Total
Luxembourg,LU,LUX,442,Proportion of schools with improved drinking water sources,2018,100,Total,,%,,,,Total
Luxembourg,LU,LUX,442,Proportion of schools with improved drinking water sources,2019,100,Total,,%,,,,Total
Luxembourg,LU,LUX,442,Proportion of schools with improved drinking water sources,2020,100,Total,,%,,,,Total
Luxembourg,LU,LUX,442,Proportion of schools with improved drinking water sources,2021,100,Total,,%,,,,Total
Luxembourg,LU,LUX,442,Proportion of schools with improved drinking water sources,2022,100,Total,,%,,,,Total
Luxembourg,LU,LUX,442,Proportion of schools with improved drinking water sources,2023,100,Total,,%,,,,Total
Madagascar,MG,MDG,450,Proportion of schools with improved drinking water sources,2005,17.67522657278278,Total,,%,,,,Total
Madagascar,MG,MDG,450,Proportion of schools with improved drinking water sources,2006,17.67522657278278,Total,,%,,,,Total
Madagascar,MG,MDG,450,Proportion of schools with improved drinking water sources,2007,17.67522657278278,Total,,%,,,,Total
Madagascar,MG,MDG,450,Proportion of schools with improved drinking water sources,2008,17.67522657278278,Total,,%,,,,Total
Madagascar,MG,MDG,450,Proportion of schools with improved drinking water sources,2009,17.67522657278278,Total,,%,,,,Total
Madagascar,MG,MDG,450,Proportion of schools with improved drinking water sources,2010,20.39719854740451,Total,,%,,,,Total
Madagascar,MG,MDG,450,Proportion of schools with improved drinking water sources,2011,23.11917052202716,Total,,%,,,,Total
Madagascar,MG,MDG,450,Proportion of schools with improved drinking water sources,2012,25.84114249664981,Total,,%,,,,Total
Madagascar,MG,MDG,450,Proportion of schools with improved drinking water sources,2013,28.56311447127155,Total,,%,,,,Total
Madagascar,MG,MDG,450,Proportion of schools with improved drinking water sources,2014,31.28508644589419,Total,,%,,,,Total
Madagascar,MG,MDG,450,Proportion of schools with improved drinking water sources,2015,34.00705842051684,Total,,%,,,,Total
Madagascar,MG,MDG,450,Proportion of schools with improved drinking water sources,2016,36.72903039513858,Total,,%,,,,Total
Madagascar,MG,MDG,450,Proportion of schools with improved drinking water sources,2017,39.45100236976123,Total,,%,,,,Total
Madagascar,MG,MDG,450,Proportion of schools with improved drinking water sources,2018,42.17297434438387,Total,,%,,,,Total
Madagascar,MG,MDG,450,Proportion of schools with improved drinking water sources,2019,44.89494631900561,Total,,%,,,,Total
Madagascar,MG,MDG,450,Proportion of schools with improved drinking water sources,2020,47.61691829362826,Total,,%,,,,Total
Madagascar,MG,MDG,450,Proportion of schools with improved drinking water sources,2021,50.33889026825091,Total,,%,,,,Total
Madagascar,MG,MDG,450,Proportion of schools with improved drinking water sources,2022,53.06086224287264,Total,,%,,,,Total
Madagascar,MG,MDG,450,Proportion of schools with improved drinking water sources,2023,55.78283421749529,Total,,%,,,,Total
Malawi,MW,MWI,454,Proportion of schools with improved drinking water sources,2004,78.42721349723297,Total,,%,,,,Total
Malawi,MW,MWI,454,Proportion of schools with improved drinking water sources,2005,78.42721349723297,Total,,%,,,,Total
Malawi,MW,MWI,454,Proportion of schools with improved drinking water sources,2006,78.42721349723297,Total,,%,,,,Total
Malawi,MW,MWI,454,Proportion of schools with improved drinking water sources,2007,78.42721349723297,Total,,%,,,,Total
Malawi,MW,MWI,454,Proportion of schools with improved drinking water sources,2008,78.42721349723297,Total,,%,,,,Total
Malawi,MW,MWI,454,Proportion of schools with improved drinking water sources,2009,79.68989895542927,Total,,%,,,,Total
Malawi,MW,MWI,454,Proportion of schools with improved drinking water sources,2010,80.95258441362557,Total,,%,,,,Total
Malawi,MW,MWI,454,Proportion of schools with improved drinking water sources,2011,82.21526987182142,Total,,%,,,,Total
Malawi,MW,MWI,454,Proportion of schools with improved drinking water sources,2012,83.47795533001772,Total,,%,,,,Total
Malawi,MW,MWI,454,Proportion of schools with improved drinking water sources,2013,84.74064078821402,Total,,%,,,,Total
Malawi,MW,MWI,454,Proportion of schools with improved drinking water sources,2014,86.00332624641032,Total,,%,,,,Total
Malawi,MW,MWI,454,Proportion of schools with improved drinking water sources,2015,87.26601170460663,Total,,%,,,,Total
Malawi,MW,MWI,454,Proportion of schools with improved drinking water sources,2016,88.52869716280293,Total,,%,,,,Total
Malawi,MW,MWI,454,Proportion of schools with improved drinking water sources,2017,89.79138262099923,Total,,%,,,,Total
Malawi,MW,MWI,454,Proportion of schools with improved drinking water sources,2018,91.05406807919508,Total,,%,,,,Total
Malawi,MW,MWI,454,Proportion of schools with improved drinking water sources,2019,92.31675353739138,Total,,%,,,,Total
Malawi,MW,MWI,454,Proportion of schools with improved drinking water sources,2020,93.57943899558769,Total,,%,,,,Total
Malawi,MW,MWI,454,Proportion of schools with improved drinking water sources,2021,93.57943899558769,Total,,%,,,,Total
Malawi,MW,MWI,454,Proportion of schools with improved drinking water sources,2022,93.57943899558769,Total,,%,,,,Total
Malawi,MW,MWI,454,Proportion of schools with improved drinking water sources,2023,93.57943899558769,Total,,%,,,,Total
Malaysia,MY,MYS,458,Proportion of schools with improved drinking water sources,2000,100,Total,,%,,,,Total
Malaysia,MY,MYS,458,Proportion of schools with improved drinking water sources,2001,100,Total,,%,,,,Total
Malaysia,MY,MYS,458,Proportion of schools with improved drinking water sources,2002,100,Total,,%,,,,Total
Malaysia,MY,MYS,458,Proportion of schools with improved drinking water sources,2003,100,Total,,%,,,,Total
Malaysia,MY,MYS,458,Proportion of schools with improved drinking water sources,2004,100,Total,,%,,,,Total
Malaysia,MY,MYS,458,Proportion of schools with improved drinking water sources,2005,100,Total,,%,,,,Total
Malaysia,MY,MYS,458,Proportion of schools with improved drinking water sources,2006,100,Total,,%,,,,Total
Malaysia,MY,MYS,458,Proportion of schools with improved drinking water sources,2007,100,Total,,%,,,,Total
Malaysia,MY,MYS,458,Proportion of schools with improved drinking water sources,2008,100,Total,,%,,,,Total
Malaysia,MY,MYS,458,Proportion of schools with improved drinking water sources,2009,100,Total,,%,,,,Total
Malaysia,MY,MYS,458,Proportion of schools with improved drinking water sources,2010,100,Total,,%,,,,Total
Malaysia,MY,MYS,458,Proportion of schools with improved drinking water sources,2011,100,Total,,%,,,,Total
Malaysia,MY,MYS,458,Proportion of schools with improved drinking water sources,2012,100,Total,,%,,,,Total
Malaysia,MY,MYS,458,Proportion of schools with improved drinking water sources,2013,100,Total,,%,,,,Total
Malaysia,MY,MYS,458,Proportion of schools with improved drinking water sources,2014,100,Total,,%,,,,Total
Malaysia,MY,MYS,458,Proportion of schools with improved drinking water sources,2015,100,Total,,%,,,,Total
Malaysia,MY,MYS,458,Proportion of schools with improved drinking water sources,2016,100,Total,,%,,,,Total
Malaysia,MY,MYS,458,Proportion of schools with improved drinking water sources,2017,100,Total,,%,,,,Total
Malaysia,MY,MYS,458,Proportion of schools with improved drinking water sources,2018,100,Total,,%,,,,Total
Malaysia,MY,MYS,458,Proportion of schools with improved drinking water sources,2019,100,Total,,%,,,,Total
Malaysia,MY,MYS,458,Proportion of schools with improved drinking water sources,2020,100,Total,,%,,,,Total
Malaysia,MY,MYS,458,Proportion of schools with improved drinking water sources,2021,100,Total,,%,,,,Total
Malaysia,MY,MYS,458,Proportion of schools with improved drinking water sources,2022,100,Total,,%,,,,Total
Malaysia,MY,MYS,458,Proportion of schools with improved drinking water sources,2023,100,Total,,%,,,,Total
Maldives,MV,MDV,462,Proportion of schools with improved drinking water sources,2010,99.33333333333334,Total,,%,,,,Total
Maldives,MV,MDV,462,Proportion of schools with improved drinking water sources,2011,99.33333333333334,Total,,%,,,,Total
Maldives,MV,MDV,462,Proportion of schools with improved drinking water sources,2012,99.33333333333334,Total,,%,,,,Total
Maldives,MV,MDV,462,Proportion of schools with improved drinking water sources,2013,99.33333333333334,Total,,%,,,,Total
Maldives,MV,MDV,462,Proportion of schools with improved drinking water sources,2014,99.33333333333334,Total,,%,,,,Total
Maldives,MV,MDV,462,Proportion of schools with improved drinking water sources,2015,99.33333333333334,Total,,%,,,,Total
Maldives,MV,MDV,462,Proportion of schools with improved drinking water sources,2016,99.33333333333334,Total,,%,,,,Total
Maldives,MV,MDV,462,Proportion of schools with improved drinking water sources,2017,99.33333333333334,Total,,%,,,,Total
Maldives,MV,MDV,462,Proportion of schools with improved drinking water sources,2018,99.33333333333334,Total,,%,,,,Total
Maldives,MV,MDV,462,Proportion of schools with improved drinking water sources,2019,99.33333333333334,Total,,%,,,,Total
Maldives,MV,MDV,462,Proportion of schools with improved drinking water sources,2020,99.33333333333334,Total,,%,,,,Total
Maldives,MV,MDV,462,Proportion of schools with improved drinking water sources,2021,99.33333333333334,Total,,%,,,,Total
Maldives,MV,MDV,462,Proportion of schools with improved drinking water sources,2022,99.33333333333334,Total,,%,,,,Total
Maldives,MV,MDV,462,Proportion of schools with improved drinking water sources,2023,99.33333333333334,Total,,%,,,,Total
Mali,ML,MLI,466,Proportion of schools with improved drinking water sources,2005,23.07662124508715,Total,,%,,,,Total
Mali,ML,MLI,466,Proportion of schools with improved drinking water sources,2006,27.18499999999949,Total,,%,,,,Total
Mali,ML,MLI,466,Proportion of schools with improved drinking water sources,2007,27.18499999999949,Total,,%,,,,Total
Mali,ML,MLI,466,Proportion of schools with improved drinking water sources,2008,27.18499999999949,Total,,%,,,,Total
Mali,ML,MLI,466,Proportion of schools with improved drinking water sources,2009,27.18499999999949,Total,,%,,,,Total
Mali,ML,MLI,466,Proportion of schools with improved drinking water sources,2010,33.83499999999913,Total,,%,,,,Total
Mali,ML,MLI,466,Proportion of schools with improved drinking water sources,2011,40.48500000000058,Total,,%,,,,Total
Mali,ML,MLI,466,Proportion of schools with improved drinking water sources,2012,47.13500000000022,Total,,%,,,,Total
Mali,ML,MLI,466,Proportion of schools with improved drinking water sources,2013,53.78499999999985,Total,,%,,,,Total
Mali,ML,MLI,466,Proportion of schools with improved drinking water sources,2014,60.43499999999949,Total,,%,,,,Total
Mali,ML,MLI,466,Proportion of schools with improved drinking water sources,2015,67.08499999999913,Total,,%,,,,Total
Mali,ML,MLI,466,Proportion of schools with improved drinking water sources,2016,73.73500000000058,Total,,%,,,,Total
Mali,ML,MLI,466,Proportion of schools with improved drinking water sources,2017,80.38500000000022,Total,,%,,,,Total
Mali,ML,MLI,466,Proportion of schools with improved drinking water sources,2018,87.03499999999984,Total,,%,,,,Total
Mali,ML,MLI,466,Proportion of schools with improved drinking water sources,2019,93.68499999999949,Total,,%,,,,Total
Mali,ML,MLI,466,Proportion of schools with improved drinking water sources,2020,93.68499999999949,Total,,%,,,,Total
Mali,ML,MLI,466,Proportion of schools with improved drinking water sources,2021,93.68499999999949,Total,,%,,,,Total
Mali,ML,MLI,466,Proportion of schools with improved drinking water sources,2022,93.68499999999949,Total,,%,,,,Total
Mali,ML,MLI,466,Proportion of schools with improved drinking water sources,2023,93.68499999999949,Total,,%,,,,Total
Malta,MT,MLT,470,Proportion of schools with improved drinking water sources,2000,100,Total,,%,,,,Total
Malta,MT,MLT,470,Proportion of schools with improved drinking water sources,2001,100,Total,,%,,,,Total
Malta,MT,MLT,470,Proportion of schools with improved drinking water sources,2002,100,Total,,%,,,,Total
Malta,MT,MLT,470,Proportion of schools with improved drinking water sources,2003,100,Total,,%,,,,Total
Malta,MT,MLT,470,Proportion of schools with improved drinking water sources,2004,100,Total,,%,,,,Total
Malta,MT,MLT,470,Proportion of schools with improved drinking water sources,2005,100,Total,,%,,,,Total
Malta,MT,MLT,470,Proportion of schools with improved drinking water sources,2006,100,Total,,%,,,,Total
Malta,MT,MLT,470,Proportion of schools with improved drinking water sources,2007,100,Total,,%,,,,Total
Malta,MT,MLT,470,Proportion of schools with improved drinking water sources,2008,100,Total,,%,,,,Total
Malta,MT,MLT,470,Proportion of schools with improved drinking water sources,2009,100,Total,,%,,,,Total
Malta,MT,MLT,470,Proportion of schools with improved drinking water sources,2010,100,Total,,%,,,,Total
Malta,MT,MLT,470,Proportion of schools with improved drinking water sources,2011,100,Total,,%,,,,Total
Malta,MT,MLT,470,Proportion of schools with improved drinking water sources,2012,100,Total,,%,,,,Total
Malta,MT,MLT,470,Proportion of schools with improved drinking water sources,2013,100,Total,,%,,,,Total
Malta,MT,MLT,470,Proportion of schools with improved drinking water sources,2014,100,Total,,%,,,,Total
Malta,MT,MLT,470,Proportion of schools with improved drinking water sources,2015,100,Total,,%,,,,Total
Malta,MT,MLT,470,Proportion of schools with improved drinking water sources,2016,100,Total,,%,,,,Total
Malta,MT,MLT,470,Proportion of schools with improved drinking water sources,2017,100,Total,,%,,,,Total
Malta,MT,MLT,470,Proportion of schools with improved drinking water sources,2018,100,Total,,%,,,,Total
Malta,MT,MLT,470,Proportion of schools with improved drinking water sources,2019,100,Total,,%,,,,Total
Malta,MT,MLT,470,Proportion of schools with improved drinking water sources,2020,100,Total,,%,,,,Total
Malta,MT,MLT,470,Proportion of schools with improved drinking water sources,2021,100,Total,,%,,,,Total
Malta,MT,MLT,470,Proportion of schools with improved drinking water sources,2022,100,Total,,%,,,,Total
Malta,MT,MLT,470,Proportion of schools with improved drinking water sources,2023,100,Total,,%,,,,Total
Mauritania,MR,MRT,478,Proportion of schools with improved drinking water sources,2011,20.93624018671759,Total,,%,,,,Total
Mauritania,MR,MRT,478,Proportion of schools with improved drinking water sources,2012,20.93624018671759,Total,,%,,,,Total
Mauritania,MR,MRT,478,Proportion of schools with improved drinking water sources,2013,20.93624018671759,Total,,%,,,,Total
Mauritania,MR,MRT,478,Proportion of schools with improved drinking water sources,2014,20.93624018671759,Total,,%,,,,Total
Mauritania,MR,MRT,478,Proportion of schools with improved drinking water sources,2015,20.93624018671759,Total,,%,,,,Total
Mauritania,MR,MRT,478,Proportion of schools with improved drinking water sources,2016,20.93624018671759,Total,,%,,,,Total
Mauritania,MR,MRT,478,Proportion of schools with improved drinking water sources,2017,20.93624018671759,Total,,%,,,,Total
Mauritania,MR,MRT,478,Proportion of schools with improved drinking water sources,2018,20.93624018671759,Total,,%,,,,Total
Mauritania,MR,MRT,478,Proportion of schools with improved drinking water sources,2019,20.93624018671759,Total,,%,,,,Total
Mauritius,MU,MUS,480,Proportion of schools with improved drinking water sources,2000,100,Total,,%,,,,Total
Mauritius,MU,MUS,480,Proportion of schools with improved drinking water sources,2001,100,Total,,%,,,,Total
Mauritius,MU,MUS,480,Proportion of schools with improved drinking water sources,2002,100,Total,,%,,,,Total
Mauritius,MU,MUS,480,Proportion of schools with improved drinking water sources,2003,100,Total,,%,,,,Total
Mauritius,MU,MUS,480,Proportion of schools with improved drinking water sources,2004,100,Total,,%,,,,Total
Mauritius,MU,MUS,480,Proportion of schools with improved drinking water sources,2005,100,Total,,%,,,,Total
Mauritius,MU,MUS,480,Proportion of schools with improved drinking water sources,2006,100,Total,,%,,,,Total
Mauritius,MU,MUS,480,Proportion of schools with improved drinking water sources,2007,100,Total,,%,,,,Total
Mauritius,MU,MUS,480,Proportion of schools with improved drinking water sources,2008,100,Total,,%,,,,Total
Mauritius,MU,MUS,480,Proportion of schools with improved drinking water sources,2009,100,Total,,%,,,,Total
Mauritius,MU,MUS,480,Proportion of schools with improved drinking water sources,2010,100,Total,,%,,,,Total
Mauritius,MU,MUS,480,Proportion of schools with improved drinking water sources,2011,100,Total,,%,,,,Total
Mauritius,MU,MUS,480,Proportion of schools with improved drinking water sources,2012,100,Total,,%,,,,Total
Mauritius,MU,MUS,480,Proportion of schools with improved drinking water sources,2013,100,Total,,%,,,,Total
Mauritius,MU,MUS,480,Proportion of schools with improved drinking water sources,2014,100,Total,,%,,,,Total
Mauritius,MU,MUS,480,Proportion of schools with improved drinking water sources,2015,100,Total,,%,,,,Total
Mauritius,MU,MUS,480,Proportion of schools with improved drinking water sources,2016,100,Total,,%,,,,Total
Mauritius,MU,MUS,480,Proportion of schools with improved drinking water sources,2017,100,Total,,%,,,,Total
Mauritius,MU,MUS,480,Proportion of schools with improved drinking water sources,2018,100,Total,,%,,,,Total
Mauritius,MU,MUS,480,Proportion of schools with improved drinking water sources,2019,100,Total,,%,,,,Total
Mauritius,MU,MUS,480,Proportion of schools with improved drinking water sources,2020,100,Total,,%,,,,Total
Mauritius,MU,MUS,480,Proportion of schools with improved drinking water sources,2021,100,Total,,%,,,,Total
Mauritius,MU,MUS,480,Proportion of schools with improved drinking water sources,2022,100,Total,,%,,,,Total
Mauritius,MU,MUS,480,Proportion of schools with improved drinking water sources,2023,100,Total,,%,,,,Total
Mexico,MX,MEX,484,Proportion of schools with improved drinking water sources,2000,89.43053299839895,Total,,%,,,,Total
Mexico,MX,MEX,484,Proportion of schools with improved drinking water sources,2001,89.43053299839895,Total,,%,,,,Total
Mexico,MX,MEX,484,Proportion of schools with improved drinking water sources,2002,89.43053299839895,Total,,%,,,,Total
Mexico,MX,MEX,484,Proportion of schools with improved drinking water sources,2003,89.38245482881744,Total,,%,,,,Total
Mexico,MX,MEX,484,Proportion of schools with improved drinking water sources,2004,89.33437665923596,Total,,%,,,,Total
Mexico,MX,MEX,484,Proportion of schools with improved drinking water sources,2005,89.28629848965446,Total,,%,,,,Total
Mexico,MX,MEX,484,Proportion of schools with improved drinking water sources,2006,89.23822032007295,Total,,%,,,,Total
Mexico,MX,MEX,484,Proportion of schools with improved drinking water sources,2007,89.19014215049147,Total,,%,,,,Total
Mexico,MX,MEX,484,Proportion of schools with improved drinking water sources,2008,89.14206398090995,Total,,%,,,,Total
Mexico,MX,MEX,484,Proportion of schools with improved drinking water sources,2009,89.09398581132848,Total,,%,,,,Total
Mexico,MX,MEX,484,Proportion of schools with improved drinking water sources,2010,89.04590764174698,Total,,%,,,,Total
Mexico,MX,MEX,484,Proportion of schools with improved drinking water sources,2011,88.99782947216549,Total,,%,,,,Total
Mexico,MX,MEX,484,Proportion of schools with improved drinking water sources,2012,88.94975130258399,Total,,%,,,,Total
Mexico,MX,MEX,484,Proportion of schools with improved drinking water sources,2013,88.9016731330025,Total,,%,,,,Total
Mexico,MX,MEX,484,Proportion of schools with improved drinking water sources,2014,88.853594963421,Total,,%,,,,Total
Mexico,MX,MEX,484,Proportion of schools with improved drinking water sources,2015,88.80551679383952,Total,,%,,,,Total
Mexico,MX,MEX,484,Proportion of schools with improved drinking water sources,2016,88.757438624258,Total,,%,,,,Total
Mexico,MX,MEX,484,Proportion of schools with improved drinking water sources,2017,88.70936045467654,Total,,%,,,,Total
Mexico,MX,MEX,484,Proportion of schools with improved drinking water sources,2018,88.66128228509503,Total,,%,,,,Total
Mexico,MX,MEX,484,Proportion of schools with improved drinking water sources,2019,88.61320411551354,Total,,%,,,,Total
Mexico,MX,MEX,484,Proportion of schools with improved drinking water sources,2020,88.56512594593204,Total,,%,,,,Total
Mexico,MX,MEX,484,Proportion of schools with improved drinking water sources,2021,88.51704777635054,Total,,%,,,,Total
Mexico,MX,MEX,484,Proportion of schools with improved drinking water sources,2022,88.51704777635054,Total,,%,,,,Total
Mexico,MX,MEX,484,Proportion of schools with improved drinking water sources,2023,88.51704777635054,Total,,%,,,,Total
"Micronesia, Federated States of",FM,FSM,583,Proportion of schools with improved drinking water sources,2019,85.71429000000001,Total,,%,,,,Total
"Micronesia, Federated States of",FM,FSM,583,Proportion of schools with improved drinking water sources,2020,85.71429000000001,Total,,%,,,,Total
"Micronesia, Federated States of",FM,FSM,583,Proportion of schools with improved drinking water sources,2021,85.71429000000001,Total,,%,,,,Total
"Micronesia, Federated States of",FM,FSM,583,Proportion of schools with improved drinking water sources,2022,85.71429000000001,Total,,%,,,,Total
"Micronesia, Federated States of",FM,FSM,583,Proportion of schools with improved drinking water sources,2023,85.71429000000001,Total,,%,,,,Total
Monaco,MC,MCO,492,Proportion of schools with improved drinking water sources,2000,100,Total,,%,,,,Total
Monaco,MC,MCO,492,Proportion of schools with improved drinking water sources,2001,100,Total,,%,,,,Total
Monaco,MC,MCO,492,Proportion of schools with improved drinking water sources,2002,100,Total,,%,,,,Total
Monaco,MC,MCO,492,Proportion of schools with improved drinking water sources,2003,100,Total,,%,,,,Total
Monaco,MC,MCO,492,Proportion of schools with improved drinking water sources,2004,100,Total,,%,,,,Total
Monaco,MC,MCO,492,Proportion of schools with improved drinking water sources,2005,100,Total,,%,,,,Total
Monaco,MC,MCO,492,Proportion of schools with improved drinking water sources,2006,100,Total,,%,,,,Total
Monaco,MC,MCO,492,Proportion of schools with improved drinking water sources,2007,100,Total,,%,,,,Total
Monaco,MC,MCO,492,Proportion of schools with improved drinking water sources,2008,100,Total,,%,,,,Total
Monaco,MC,MCO,492,Proportion of schools with improved drinking water sources,2009,100,Total,,%,,,,Total
Monaco,MC,MCO,492,Proportion of schools with improved drinking water sources,2010,100,Total,,%,,,,Total
Monaco,MC,MCO,492,Proportion of schools with improved drinking water sources,2011,100,Total,,%,,,,Total
Monaco,MC,MCO,492,Proportion of schools with improved drinking water sources,2012,100,Total,,%,,,,Total
Monaco,MC,MCO,492,Proportion of schools with improved drinking water sources,2013,100,Total,,%,,,,Total
Monaco,MC,MCO,492,Proportion of schools with improved drinking water sources,2014,100,Total,,%,,,,Total
Monaco,MC,MCO,492,Proportion of schools with improved drinking water sources,2015,100,Total,,%,,,,Total
Monaco,MC,MCO,492,Proportion of schools with improved drinking water sources,2016,100,Total,,%,,,,Total
Monaco,MC,MCO,492,Proportion of schools with improved drinking water sources,2017,100,Total,,%,,,,Total
Monaco,MC,MCO,492,Proportion of schools with improved drinking water sources,2018,100,Total,,%,,,,Total
Monaco,MC,MCO,492,Proportion of schools with improved drinking water sources,2019,100,Total,,%,,,,Total
Monaco,MC,MCO,492,Proportion of schools with improved drinking water sources,2020,100,Total,,%,,,,Total
Monaco,MC,MCO,492,Proportion of schools with improved drinking water sources,2021,100,Total,,%,,,,Total
Monaco,MC,MCO,492,Proportion of schools with improved drinking water sources,2022,100,Total,,%,,,,Total
Monaco,MC,MCO,492,Proportion of schools with improved drinking water sources,2023,100,Total,,%,,,,Total
Mongolia,MN,MNG,496,Proportion of schools with improved drinking water sources,2013,98.25000000000001,Total,,%,,,,Total
Mongolia,MN,MNG,496,Proportion of schools with improved drinking water sources,2014,98.25000000000001,Total,,%,,,,Total
Mongolia,MN,MNG,496,Proportion of schools with improved drinking water sources,2015,98.25000000000001,Total,,%,,,,Total
Mongolia,MN,MNG,496,Proportion of schools with improved drinking water sources,2016,98.25000000000001,Total,,%,,,,Total
Mongolia,MN,MNG,496,Proportion of schools with improved drinking water sources,2017,98.25000000000001,Total,,%,,,,Total
Mongolia,MN,MNG,496,Proportion of schools with improved drinking water sources,2018,98.25000000000001,Total,,%,,,,Total
Mongolia,MN,MNG,496,Proportion of schools with improved drinking water sources,2019,98.25000000000001,Total,,%,,,,Total
Mongolia,MN,MNG,496,Proportion of schools with improved drinking water sources,2020,98.25000000000001,Total,,%,,,,Total
Mongolia,MN,MNG,496,Proportion of schools with improved drinking water sources,2021,98.25000000000001,Total,,%,,,,Total
Montenegro,ME,MNE,499,Proportion of schools with improved drinking water sources,2018,91.3,Total,,%,,,,Total
Montenegro,ME,MNE,499,Proportion of schools with improved drinking water sources,2019,91.3,Total,,%,,,,Total
Montenegro,ME,MNE,499,Proportion of schools with improved drinking water sources,2020,91.3,Total,,%,,,,Total
Montenegro,ME,MNE,499,Proportion of schools with improved drinking water sources,2021,91.3,Total,,%,,,,Total
Montenegro,ME,MNE,499,Proportion of schools with improved drinking water sources,2022,91.3,Total,,%,,,,Total
Montenegro,ME,MNE,499,Proportion of schools with improved drinking water sources,2023,91.3,Total,,%,,,,Total
Montserrat,MS,MSR,500,Proportion of schools with improved drinking water sources,2000,100,Total,,%,,,,Total
Montserrat,MS,MSR,500,Proportion of schools with improved drinking water sources,2001,100,Total,,%,,,,Total
Montserrat,MS,MSR,500,Proportion of schools with improved drinking water sources,2002,100,Total,,%,,,,Total
Montserrat,MS,MSR,500,Proportion of schools with improved drinking water sources,2003,100,Total,,%,,,,Total
Montserrat,MS,MSR,500,Proportion of schools with improved drinking water sources,2004,100,Total,,%,,,,Total
Montserrat,MS,MSR,500,Proportion of schools with improved drinking water sources,2005,100,Total,,%,,,,Total
Montserrat,MS,MSR,500,Proportion of schools with improved drinking water sources,2006,100,Total,,%,,,,Total
Montserrat,MS,MSR,500,Proportion of schools with improved drinking water sources,2007,100,Total,,%,,,,Total
Montserrat,MS,MSR,500,Proportion of schools with improved drinking water sources,2008,100,Total,,%,,,,Total
Montserrat,MS,MSR,500,Proportion of schools with improved drinking water sources,2009,100,Total,,%,,,,Total
Montserrat,MS,MSR,500,Proportion of schools with improved drinking water sources,2010,100,Total,,%,,,,Total
Montserrat,MS,MSR,500,Proportion of schools with improved drinking water sources,2011,100,Total,,%,,,,Total
Montserrat,MS,MSR,500,Proportion of schools with improved drinking water sources,2012,100,Total,,%,,,,Total
Montserrat,MS,MSR,500,Proportion of schools with improved drinking water sources,2013,100,Total,,%,,,,Total
Montserrat,MS,MSR,500,Proportion of schools with improved drinking water sources,2014,100,Total,,%,,,,Total
Montserrat,MS,MSR,500,Proportion of schools with improved drinking water sources,2015,100,Total,,%,,,,Total
Montserrat,MS,MSR,500,Proportion of schools with improved drinking water sources,2016,100,Total,,%,,,,Total
Montserrat,MS,MSR,500,Proportion of schools with improved drinking water sources,2017,100,Total,,%,,,,Total
Montserrat,MS,MSR,500,Proportion of schools with improved drinking water sources,2018,100,Total,,%,,,,Total
Montserrat,MS,MSR,500,Proportion of schools with improved drinking water sources,2019,100,Total,,%,,,,Total
Montserrat,MS,MSR,500,Proportion of schools with improved drinking water sources,2020,100,Total,,%,,,,Total
Montserrat,MS,MSR,500,Proportion of schools with improved drinking water sources,2021,100,Total,,%,,,,Total
Montserrat,MS,MSR,500,Proportion of schools with improved drinking water sources,2022,100,Total,,%,,,,Total
Montserrat,MS,MSR,500,Proportion of schools with improved drinking water sources,2023,100,Total,,%,,,,Total
Morocco,MA,MAR,504,Proportion of schools with improved drinking water sources,2006,87.08020453967046,Total,,%,,,,Total
Morocco,MA,MAR,504,Proportion of schools with improved drinking water sources,2007,87.08020453967046,Total,,%,,,,Total
Morocco,MA,MAR,504,Proportion of schools with improved drinking water sources,2008,87.08020453967046,Total,,%,,,,Total
Morocco,MA,MAR,504,Proportion of schools with improved drinking water sources,2009,87.08020453967046,Total,,%,,,,Total
Morocco,MA,MAR,504,Proportion of schools with improved drinking water sources,2010,87.08020453967046,Total,,%,,,,Total
Morocco,MA,MAR,504,Proportion of schools with improved drinking water sources,2011,87.08020453967046,Total,,%,,,,Total
Morocco,MA,MAR,504,Proportion of schools with improved drinking water sources,2012,87.08020453967046,Total,,%,,,,Total
Morocco,MA,MAR,504,Proportion of schools with improved drinking water sources,2013,87.08020453967046,Total,,%,,,,Total
Morocco,MA,MAR,504,Proportion of schools with improved drinking water sources,2014,87.08020453967046,Total,,%,,,,Total
Morocco,MA,MAR,504,Proportion of schools with improved drinking water sources,2015,87.08020453967046,Total,,%,,,,Total
Morocco,MA,MAR,504,Proportion of schools with improved drinking water sources,2016,87.08020453967046,Total,,%,,,,Total
Morocco,MA,MAR,504,Proportion of schools with improved drinking water sources,2017,87.08020453967046,Total,,%,,,,Total
Morocco,MA,MAR,504,Proportion of schools with improved drinking water sources,2018,87.08020453967046,Total,,%,,,,Total
Morocco,MA,MAR,504,Proportion of schools with improved drinking water sources,2019,87.08020453967046,Total,,%,,,,Total
Mozambique,MZ,MOZ,508,Proportion of schools with improved drinking water sources,2008,29.00733000000014,Total,,%,,,,Total
Mozambique,MZ,MOZ,508,Proportion of schools with improved drinking water sources,2009,29.00733000000014,Total,,%,,,,Total
Mozambique,MZ,MOZ,508,Proportion of schools with improved drinking water sources,2010,29.00733000000014,Total,,%,,,,Total
Mozambique,MZ,MOZ,508,Proportion of schools with improved drinking water sources,2011,29.00733000000014,Total,,%,,,,Total
Mozambique,MZ,MOZ,508,Proportion of schools with improved drinking water sources,2012,29.00733000000014,Total,,%,,,,Total
Mozambique,MZ,MOZ,508,Proportion of schools with improved drinking water sources,2013,30.00366500000018,Total,,%,,,,Total
Mozambique,MZ,MOZ,508,Proportion of schools with improved drinking water sources,2014,31.00000000000023,Total,,%,,,,Total
Mozambique,MZ,MOZ,508,Proportion of schools with improved drinking water sources,2015,31.99633500000004,Total,,%,,,,Total
Mozambique,MZ,MOZ,508,Proportion of schools with improved drinking water sources,2016,32.99267000000009,Total,,%,,,,Total
Mozambique,MZ,MOZ,508,Proportion of schools with improved drinking water sources,2017,33.98900500000013,Total,,%,,,,Total
Mozambique,MZ,MOZ,508,Proportion of schools with improved drinking water sources,2018,34.98534000000018,Total,,%,,,,Total
Mozambique,MZ,MOZ,508,Proportion of schools with improved drinking water sources,2019,35.98167500000022,Total,,%,,,,Total
Mozambique,MZ,MOZ,508,Proportion of schools with improved drinking water sources,2020,36.97801000000004,Total,,%,,,,Total
Mozambique,MZ,MOZ,508,Proportion of schools with improved drinking water sources,2021,37.97434500000008,Total,,%,,,,Total
Mozambique,MZ,MOZ,508,Proportion of schools with improved drinking water sources,2022,38.97068000000013,Total,,%,,,,Total
Mozambique,MZ,MOZ,508,Proportion of schools with improved drinking water sources,2023,39.96701500000016,Total,,%,,,,Total
Namibia,,NAM,516,Proportion of schools with improved drinking water sources,2009,86.75332879612041,Total,,%,,,,Total
Namibia,,NAM,516,Proportion of schools with improved drinking water sources,2010,87.17067141169628,Total,,%,,,,Total
Namibia,,NAM,516,Proportion of schools with improved drinking water sources,2011,87.58801402727215,Total,,%,,,,Total
Namibia,,NAM,516,Proportion of schools with improved drinking water sources,2012,88.00535664284803,Total,,%,,,,Total
Namibia,,NAM,516,Proportion of schools with improved drinking water sources,2013,88.42269925842402,Total,,%,,,,Total
Namibia,,NAM,516,Proportion of schools with improved drinking water sources,2014,88.84004187399989,Total,,%,,,,Total
Namibia,,NAM,516,Proportion of schools with improved drinking water sources,2015,89.25738448957577,Total,,%,,,,Total
Namibia,,NAM,516,Proportion of schools with improved drinking water sources,2016,89.67472710515163,Total,,%,,,,Total
Namibia,,NAM,516,Proportion of schools with improved drinking water sources,2017,90.09206972072752,Total,,%,,,,Total
Nauru,NR,NRU,520,Proportion of schools with improved drinking water sources,2000,100,Total,,%,,,,Total
Nauru,NR,NRU,520,Proportion of schools with improved drinking water sources,2001,100,Total,,%,,,,Total
Nauru,NR,NRU,520,Proportion of schools with improved drinking water sources,2002,100,Total,,%,,,,Total
Nauru,NR,NRU,520,Proportion of schools with improved drinking water sources,2003,100,Total,,%,,,,Total
Nauru,NR,NRU,520,Proportion of schools with improved drinking water sources,2004,100,Total,,%,,,,Total
Nauru,NR,NRU,520,Proportion of schools with improved drinking water sources,2005,100,Total,,%,,,,Total
Nauru,NR,NRU,520,Proportion of schools with improved drinking water sources,2006,100,Total,,%,,,,Total
Nauru,NR,NRU,520,Proportion of schools with improved drinking water sources,2007,100,Total,,%,,,,Total
Nauru,NR,NRU,520,Proportion of schools with improved drinking water sources,2008,100,Total,,%,,,,Total
Nauru,NR,NRU,520,Proportion of schools with improved drinking water sources,2009,100,Total,,%,,,,Total
Nauru,NR,NRU,520,Proportion of schools with improved drinking water sources,2010,100,Total,,%,,,,Total
Nauru,NR,NRU,520,Proportion of schools with improved drinking water sources,2011,100,Total,,%,,,,Total
Nauru,NR,NRU,520,Proportion of schools with improved drinking water sources,2012,100,Total,,%,,,,Total
Nauru,NR,NRU,520,Proportion of schools with improved drinking water sources,2013,100,Total,,%,,,,Total
Nauru,NR,NRU,520,Proportion of schools with improved drinking water sources,2014,100,Total,,%,,,,Total
Nauru,NR,NRU,520,Proportion of schools with improved drinking water sources,2015,100,Total,,%,,,,Total
Nauru,NR,NRU,520,Proportion of schools with improved drinking water sources,2016,100,Total,,%,,,,Total
Nauru,NR,NRU,520,Proportion of schools with improved drinking water sources,2017,100,Total,,%,,,,Total
Nauru,NR,NRU,520,Proportion of schools with improved drinking water sources,2018,100,Total,,%,,,,Total
Nauru,NR,NRU,520,Proportion of schools with improved drinking water sources,2019,100,Total,,%,,,,Total
Nauru,NR,NRU,520,Proportion of schools with improved drinking water sources,2020,100,Total,,%,,,,Total
Nauru,NR,NRU,520,Proportion of schools with improved drinking water sources,2021,100,Total,,%,,,,Total
Nauru,NR,NRU,520,Proportion of schools with improved drinking water sources,2022,100,Total,,%,,,,Total
Nauru,NR,NRU,520,Proportion of schools with improved drinking water sources,2023,100,Total,,%,,,,Total
Nepal,NP,NPL,524,Proportion of schools with improved drinking water sources,2014,79.57207818206689,Total,,%,,,,Total
Nepal,NP,NPL,524,Proportion of schools with improved drinking water sources,2015,79.80469843531779,Total,,%,,,,Total
Nepal,NP,NPL,524,Proportion of schools with improved drinking water sources,2016,79.80469843531779,Total,,%,,,,Total
Nepal,NP,NPL,524,Proportion of schools with improved drinking water sources,2017,79.80469843531779,Total,,%,,,,Total
Nepal,NP,NPL,524,Proportion of schools with improved drinking water sources,2018,79.80469843531779,Total,,%,,,,Total
Nepal,NP,NPL,524,Proportion of schools with improved drinking water sources,2019,79.64875075127162,Total,,%,,,,Total
Nepal,NP,NPL,524,Proportion of schools with improved drinking water sources,2020,79.49280306722551,Total,,%,,,,Total
Nepal,NP,NPL,524,Proportion of schools with improved drinking water sources,2021,79.3368553831794,Total,,%,,,,Total
Nepal,NP,NPL,524,Proportion of schools with improved drinking water sources,2022,79.18090769913329,Total,,%,,,,Total
Nepal,NP,NPL,524,Proportion of schools with improved drinking water sources,2023,79.02496001508717,Total,,%,,,,Total
Netherlands,NL,NLD,528,Proportion of schools with improved drinking water sources,2000,100,Total,,%,,,,Total
Netherlands,NL,NLD,528,Proportion of schools with improved drinking water sources,2001,100,Total,,%,,,,Total
Netherlands,NL,NLD,528,Proportion of schools with improved drinking water sources,2002,100,Total,,%,,,,Total
Netherlands,NL,NLD,528,Proportion of schools with improved drinking water sources,2003,100,Total,,%,,,,Total
Netherlands,NL,NLD,528,Proportion of schools with improved drinking water sources,2004,100,Total,,%,,,,Total
Netherlands,NL,NLD,528,Proportion of schools with improved drinking water sources,2005,100,Total,,%,,,,Total
Netherlands,NL,NLD,528,Proportion of schools with improved drinking water sources,2006,100,Total,,%,,,,Total
Netherlands,NL,NLD,528,Proportion of schools with improved drinking water sources,2007,100,Total,,%,,,,Total
Netherlands,NL,NLD,528,Proportion of schools with improved drinking water sources,2008,100,Total,,%,,,,Total
Netherlands,NL,NLD,528,Proportion of schools with improved drinking water sources,2009,100,Total,,%,,,,Total
Netherlands,NL,NLD,528,Proportion of schools with improved drinking water sources,2010,100,Total,,%,,,,Total
Netherlands,NL,NLD,528,Proportion of schools with improved drinking water sources,2011,100,Total,,%,,,,Total
Netherlands,NL,NLD,528,Proportion of schools with improved drinking water sources,2012,100,Total,,%,,,,Total
Netherlands,NL,NLD,528,Proportion of schools with improved drinking water sources,2013,100,Total,,%,,,,Total
Netherlands,NL,NLD,528,Proportion of schools with improved drinking water sources,2014,100,Total,,%,,,,Total
Netherlands,NL,NLD,528,Proportion of schools with improved drinking water sources,2015,100,Total,,%,,,,Total
Netherlands,NL,NLD,528,Proportion of schools with improved drinking water sources,2016,100,Total,,%,,,,Total
Netherlands,NL,NLD,528,Proportion of schools with improved drinking water sources,2017,100,Total,,%,,,,Total
Netherlands,NL,NLD,528,Proportion of schools with improved drinking water sources,2018,100,Total,,%,,,,Total
Netherlands,NL,NLD,528,Proportion of schools with improved drinking water sources,2019,100,Total,,%,,,,Total
Netherlands,NL,NLD,528,Proportion of schools with improved drinking water sources,2020,100,Total,,%,,,,Total
Netherlands,NL,NLD,528,Proportion of schools with improved drinking water sources,2021,100,Total,,%,,,,Total
Netherlands,NL,NLD,528,Proportion of schools with improved drinking water sources,2022,100,Total,,%,,,,Total
Netherlands,NL,NLD,528,Proportion of schools with improved drinking water sources,2023,100,Total,,%,,,,Total
Nicaragua,NI,NIC,558,Proportion of schools with improved drinking water sources,2000,71.61776353728601,Total,,%,,,,Total
Nicaragua,NI,NIC,558,Proportion of schools with improved drinking water sources,2001,71.61776353728601,Total,,%,,,,Total
Nicaragua,NI,NIC,558,Proportion of schools with improved drinking water sources,2002,71.61776353728601,Total,,%,,,,Total
Nicaragua,NI,NIC,558,Proportion of schools with improved drinking water sources,2003,71.61776353728601,Total,,%,,,,Total
Nicaragua,NI,NIC,558,Proportion of schools with improved drinking water sources,2004,71.61776353728601,Total,,%,,,,Total
Nicaragua,NI,NIC,558,Proportion of schools with improved drinking water sources,2005,71.06962608990693,Total,,%,,,,Total
Nicaragua,NI,NIC,558,Proportion of schools with improved drinking water sources,2006,70.52148864252763,Total,,%,,,,Total
Nicaragua,NI,NIC,558,Proportion of schools with improved drinking water sources,2007,69.97335119514833,Total,,%,,,,Total
Nicaragua,NI,NIC,558,Proportion of schools with improved drinking water sources,2008,69.42521374776902,Total,,%,,,,Total
Nicaragua,NI,NIC,558,Proportion of schools with improved drinking water sources,2009,68.87707630038972,Total,,%,,,,Total
Nicaragua,NI,NIC,558,Proportion of schools with improved drinking water sources,2010,68.32893885301041,Total,,%,,,,Total
Nicaragua,NI,NIC,558,Proportion of schools with improved drinking water sources,2011,67.78080140563111,Total,,%,,,,Total
Nicaragua,NI,NIC,558,Proportion of schools with improved drinking water sources,2012,67.23266395825181,Total,,%,,,,Total
Nicaragua,NI,NIC,558,Proportion of schools with improved drinking water sources,2013,66.6845265108725,Total,,%,,,,Total
Nicaragua,NI,NIC,558,Proportion of schools with improved drinking water sources,2014,66.1363890634932,Total,,%,,,,Total
Nicaragua,NI,NIC,558,Proportion of schools with improved drinking water sources,2015,65.58825161611389,Total,,%,,,,Total
Nicaragua,NI,NIC,558,Proportion of schools with improved drinking water sources,2016,65.04011416873459,Total,,%,,,,Total
Nicaragua,NI,NIC,558,Proportion of schools with improved drinking water sources,2017,64.49197672135529,Total,,%,,,,Total
Nicaragua,NI,NIC,558,Proportion of schools with improved drinking water sources,2018,63.94383927397598,Total,,%,,,,Total
Nicaragua,NI,NIC,558,Proportion of schools with improved drinking water sources,2019,63.39570182659668,Total,,%,,,,Total
Nicaragua,NI,NIC,558,Proportion of schools with improved drinking water sources,2020,62.84756437921737,Total,,%,,,,Total
Nicaragua,NI,NIC,558,Proportion of schools with improved drinking water sources,2021,62.29942693183807,Total,,%,,,,Total
Nicaragua,NI,NIC,558,Proportion of schools with improved drinking water sources,2022,61.75128948445877,Total,,%,,,,Total
Nicaragua,NI,NIC,558,Proportion of schools with improved drinking water sources,2023,61.20315203707946,Total,,%,,,,Total
Niger,NE,NER,562,Proportion of schools with improved drinking water sources,2001,14.06907295169208,Total,,%,,,,Total
Niger,NE,NER,562,Proportion of schools with improved drinking water sources,2002,14.06907295169208,Total,,%,,,,Total
Niger,NE,NER,562,Proportion of schools with improved drinking water sources,2003,14.06907295169208,Total,,%,,,,Total
Niger,NE,NER,562,Proportion of schools with improved drinking water sources,2004,14.06907295169208,Total,,%,,,,Total
Niger,NE,NER,562,Proportion of schools with improved drinking water sources,2005,14.06907295169208,Total,,%,,,,Total
Niger,NE,NER,562,Proportion of schools with improved drinking water sources,2006,14.7015129513336,Total,,%,,,,Total
Niger,NE,NER,562,Proportion of schools with improved drinking water sources,2007,15.33395295097534,Total,,%,,,,Total
Niger,NE,NER,562,Proportion of schools with improved drinking water sources,2008,15.96639295061686,Total,,%,,,,Total
Niger,NE,NER,562,Proportion of schools with improved drinking water sources,2009,16.59883295025838,Total,,%,,,,Total
Niger,NE,NER,562,Proportion of schools with improved drinking water sources,2010,17.2312729498999,Total,,%,,,,Total
Niger,NE,NER,562,Proportion of schools with improved drinking water sources,2011,17.86371294954142,Total,,%,,,,Total
Niger,NE,NER,562,Proportion of schools with improved drinking water sources,2012,18.49615294918294,Total,,%,,,,Total
Niger,NE,NER,562,Proportion of schools with improved drinking water sources,2013,19.12859294882446,Total,,%,,,,Total
Niger,NE,NER,562,Proportion of schools with improved drinking water sources,2014,19.76103294846598,Total,,%,,,,Total
Niger,NE,NER,562,Proportion of schools with improved drinking water sources,2015,20.3934729481075,Total,,%,,,,Total
Niger,NE,NER,562,Proportion of schools with improved drinking water sources,2016,21.02591294774902,Total,,%,,,,Total
Niger,NE,NER,562,Proportion of schools with improved drinking water sources,2017,21.65835294739077,Total,,%,,,,Total
Niger,NE,NER,562,Proportion of schools with improved drinking water sources,2018,22.29079294703229,Total,,%,,,,Total
Niger,NE,NER,562,Proportion of schools with improved drinking water sources,2019,22.92323294667381,Total,,%,,,,Total
Niger,NE,NER,562,Proportion of schools with improved drinking water sources,2020,23.55567294631533,Total,,%,,,,Total
Niger,NE,NER,562,Proportion of schools with improved drinking water sources,2021,24.18811294595685,Total,,%,,,,Total
Niger,NE,NER,562,Proportion of schools with improved drinking water sources,2022,24.82055294559837,Total,,%,,,,Total
Niger,NE,NER,562,Proportion of schools with improved drinking water sources,2023,25.45299294523988,Total,,%,,,,Total
Nigeria,NG,NGA,566,Proportion of schools with improved drinking water sources,2007,42.05959693627483,Total,,%,,,,Total
Nigeria,NG,NGA,566,Proportion of schools with improved drinking water sources,2008,42.05959693627483,Total,,%,,,,Total
Nigeria,NG,NGA,566,Proportion of schools with improved drinking water sources,2009,42.05959693627483,Total,,%,,,,Total
Nigeria,NG,NGA,566,Proportion of schools with improved drinking water sources,2010,42.05959693627483,Total,,%,,,,Total
Nigeria,NG,NGA,566,Proportion of schools with improved drinking water sources,2011,42.05959693627483,Total,,%,,,,Total
Nigeria,NG,NGA,566,Proportion of schools with improved drinking water sources,2012,43.58247710784326,Total,,%,,,,Total
Nigeria,NG,NGA,566,Proportion of schools with improved drinking water sources,2013,45.10535727941215,Total,,%,,,,Total
Nigeria,NG,NGA,566,Proportion of schools with improved drinking water sources,2014,46.62823745098058,Total,,%,,,,Total
Nigeria,NG,NGA,566,Proportion of schools with improved drinking water sources,2015,48.15111762254946,Total,,%,,,,Total
Nigeria,NG,NGA,566,Proportion of schools with improved drinking water sources,2016,49.67399779411788,Total,,%,,,,Total
Nigeria,NG,NGA,566,Proportion of schools with improved drinking water sources,2017,51.19687796568678,Total,,%,,,,Total
Nigeria,NG,NGA,566,Proportion of schools with improved drinking water sources,2018,52.71975813725521,Total,,%,,,,Total
Nigeria,NG,NGA,566,Proportion of schools with improved drinking water sources,2019,54.24263830882364,Total,,%,,,,Total
Nigeria,NG,NGA,566,Proportion of schools with improved drinking water sources,2020,55.76551848039253,Total,,%,,,,Total
Nigeria,NG,NGA,566,Proportion of schools with improved drinking water sources,2021,57.28839865196097,Total,,%,,,,Total
Nigeria,NG,NGA,566,Proportion of schools with improved drinking water sources,2022,58.81127882352985,Total,,%,,,,Total
Nigeria,NG,NGA,566,Proportion of schools with improved drinking water sources,2023,60.33415899509828,Total,,%,,,,Total
Niue,NU,NIU,570,Proportion of schools with improved drinking water sources,2000,100,Total,,%,,,,Total
Niue,NU,NIU,570,Proportion of schools with improved drinking water sources,2001,100,Total,,%,,,,Total
Niue,NU,NIU,570,Proportion of schools with improved drinking water sources,2002,100,Total,,%,,,,Total
Niue,NU,NIU,570,Proportion of schools with improved drinking water sources,2003,100,Total,,%,,,,Total
Niue,NU,NIU,570,Proportion of schools with improved drinking water sources,2004,100,Total,,%,,,,Total
Niue,NU,NIU,570,Proportion of schools with improved drinking water sources,2005,100,Total,,%,,,,Total
Niue,NU,NIU,570,Proportion of schools with improved drinking water sources,2006,100,Total,,%,,,,Total
Niue,NU,NIU,570,Proportion of schools with improved drinking water sources,2007,100,Total,,%,,,,Total
Niue,NU,NIU,570,Proportion of schools with improved drinking water sources,2008,100,Total,,%,,,,Total
Niue,NU,NIU,570,Proportion of schools with improved drinking water sources,2009,100,Total,,%,,,,Total
Niue,NU,NIU,570,Proportion of schools with improved drinking water sources,2010,100,Total,,%,,,,Total
Niue,NU,NIU,570,Proportion of schools with improved drinking water sources,2011,100,Total,,%,,,,Total
Niue,NU,NIU,570,Proportion of schools with improved drinking water sources,2012,100,Total,,%,,,,Total
Niue,NU,NIU,570,Proportion of schools with improved drinking water sources,2013,100,Total,,%,,,,Total
Niue,NU,NIU,570,Proportion of schools with improved drinking water sources,2014,100,Total,,%,,,,Total
Niue,NU,NIU,570,Proportion of schools with improved drinking water sources,2015,100,Total,,%,,,,Total
Niue,NU,NIU,570,Proportion of schools with improved drinking water sources,2016,100,Total,,%,,,,Total
Niue,NU,NIU,570,Proportion of schools with improved drinking water sources,2017,100,Total,,%,,,,Total
Niue,NU,NIU,570,Proportion of schools with improved drinking water sources,2018,100,Total,,%,,,,Total
Niue,NU,NIU,570,Proportion of schools with improved drinking water sources,2019,100,Total,,%,,,,Total
Niue,NU,NIU,570,Proportion of schools with improved drinking water sources,2020,100,Total,,%,,,,Total
Niue,NU,NIU,570,Proportion of schools with improved drinking water sources,2021,100,Total,,%,,,,Total
Niue,NU,NIU,570,Proportion of schools with improved drinking water sources,2022,100,Total,,%,,,,Total
Niue,NU,NIU,570,Proportion of schools with improved drinking water sources,2023,100,Total,,%,,,,Total
Norway,NO,NOR,578,Proportion of schools with improved drinking water sources,2000,100,Total,,%,,,,Total
Norway,NO,NOR,578,Proportion of schools with improved drinking water sources,2001,100,Total,,%,,,,Total
Norway,NO,NOR,578,Proportion of schools with improved drinking water sources,2002,100,Total,,%,,,,Total
Norway,NO,NOR,578,Proportion of schools with improved drinking water sources,2003,100,Total,,%,,,,Total
Norway,NO,NOR,578,Proportion of schools with improved drinking water sources,2004,100,Total,,%,,,,Total
Norway,NO,NOR,578,Proportion of schools with improved drinking water sources,2005,100,Total,,%,,,,Total
Norway,NO,NOR,578,Proportion of schools with improved drinking water sources,2006,100,Total,,%,,,,Total
Norway,NO,NOR,578,Proportion of schools with improved drinking water sources,2007,100,Total,,%,,,,Total
Norway,NO,NOR,578,Proportion of schools with improved drinking water sources,2008,100,Total,,%,,,,Total
Norway,NO,NOR,578,Proportion of schools with improved drinking water sources,2009,100,Total,,%,,,,Total
Norway,NO,NOR,578,Proportion of schools with improved drinking water sources,2010,100,Total,,%,,,,Total
Norway,NO,NOR,578,Proportion of schools with improved drinking water sources,2011,100,Total,,%,,,,Total
Norway,NO,NOR,578,Proportion of schools with improved drinking water sources,2012,100,Total,,%,,,,Total
Norway,NO,NOR,578,Proportion of schools with improved drinking water sources,2013,100,Total,,%,,,,Total
Norway,NO,NOR,578,Proportion of schools with improved drinking water sources,2014,100,Total,,%,,,,Total
Norway,NO,NOR,578,Proportion of schools with improved drinking water sources,2015,100,Total,,%,,,,Total
Norway,NO,NOR,578,Proportion of schools with improved drinking water sources,2016,100,Total,,%,,,,Total
Norway,NO,NOR,578,Proportion of schools with improved drinking water sources,2017,100,Total,,%,,,,Total
Norway,NO,NOR,578,Proportion of schools with improved drinking water sources,2018,100,Total,,%,,,,Total
Norway,NO,NOR,578,Proportion of schools with improved drinking water sources,2019,100,Total,,%,,,,Total
Norway,NO,NOR,578,Proportion of schools with improved drinking water sources,2020,100,Total,,%,,,,Total
Norway,NO,NOR,578,Proportion of schools with improved drinking water sources,2021,100,Total,,%,,,,Total
Norway,NO,NOR,578,Proportion of schools with improved drinking water sources,2022,100,Total,,%,,,,Total
Norway,NO,NOR,578,Proportion of schools with improved drinking water sources,2023,100,Total,,%,,,,Total
Oman,OM,OMN,512,Proportion of schools with improved drinking water sources,2003,95.06180451127818,Total,,%,,,,Total
Oman,OM,OMN,512,Proportion of schools with improved drinking water sources,2004,95.06180451127818,Total,,%,,,,Total
Oman,OM,OMN,512,Proportion of schools with improved drinking water sources,2005,95.06180451127818,Total,,%,,,,Total
Oman,OM,OMN,512,Proportion of schools with improved drinking water sources,2006,95.06180451127818,Total,,%,,,,Total
Oman,OM,OMN,512,Proportion of schools with improved drinking water sources,2007,95.06180451127818,Total,,%,,,,Total
Oman,OM,OMN,512,Proportion of schools with improved drinking water sources,2008,95.44687969924803,Total,,%,,,,Total
Oman,OM,OMN,512,Proportion of schools with improved drinking water sources,2009,95.83195488721799,Total,,%,,,,Total
Oman,OM,OMN,512,Proportion of schools with improved drinking water sources,2010,96.21703007518795,Total,,%,,,,Total
Oman,OM,OMN,512,Proportion of schools with improved drinking water sources,2011,96.6021052631578,Total,,%,,,,Total
Oman,OM,OMN,512,Proportion of schools with improved drinking water sources,2012,96.98718045112776,Total,,%,,,,Total
Oman,OM,OMN,512,Proportion of schools with improved drinking water sources,2013,97.37225563909772,Total,,%,,,,Total
Oman,OM,OMN,512,Proportion of schools with improved drinking water sources,2014,97.75733082706756,Total,,%,,,,Total
Oman,OM,OMN,512,Proportion of schools with improved drinking water sources,2015,98.14240601503752,Total,,%,,,,Total
Oman,OM,OMN,512,Proportion of schools with improved drinking water sources,2016,98.52748120300748,Total,,%,,,,Total
Oman,OM,OMN,512,Proportion of schools with improved drinking water sources,2017,98.91255639097744,Total,,%,,,,Total
Oman,OM,OMN,512,Proportion of schools with improved drinking water sources,2018,99.29763157894729,Total,,%,,,,Total
Oman,OM,OMN,512,Proportion of schools with improved drinking water sources,2019,99.68270676691725,Total,,%,,,,Total
Oman,OM,OMN,512,Proportion of schools with improved drinking water sources,2020,100,Total,,%,,,,Total
Oman,OM,OMN,512,Proportion of schools with improved drinking water sources,2021,100,Total,,%,,,,Total
Oman,OM,OMN,512,Proportion of schools with improved drinking water sources,2022,100,Total,,%,,,,Total
Oman,OM,OMN,512,Proportion of schools with improved drinking water sources,2023,100,Total,,%,,,,Total
Palau,PW,PLW,585,Proportion of schools with improved drinking water sources,2000,100,Total,,%,,,,Total
Palau,PW,PLW,585,Proportion of schools with improved drinking water sources,2001,100,Total,,%,,,,Total
Palau,PW,PLW,585,Proportion of schools with improved drinking water sources,2002,100,Total,,%,,,,Total
Palau,PW,PLW,585,Proportion of schools with improved drinking water sources,2003,100,Total,,%,,,,Total
Palau,PW,PLW,585,Proportion of schools with improved drinking water sources,2004,100,Total,,%,,,,Total
Palau,PW,PLW,585,Proportion of schools with improved drinking water sources,2005,100,Total,,%,,,,Total
Palau,PW,PLW,585,Proportion of schools with improved drinking water sources,2006,100,Total,,%,,,,Total
Palau,PW,PLW,585,Proportion of schools with improved drinking water sources,2007,100,Total,,%,,,,Total
Palau,PW,PLW,585,Proportion of schools with improved drinking water sources,2008,100,Total,,%,,,,Total
Palau,PW,PLW,585,Proportion of schools with improved drinking water sources,2009,100,Total,,%,,,,Total
Palau,PW,PLW,585,Proportion of schools with improved drinking water sources,2010,100,Total,,%,,,,Total
Palau,PW,PLW,585,Proportion of schools with improved drinking water sources,2011,100,Total,,%,,,,Total
Palau,PW,PLW,585,Proportion of schools with improved drinking water sources,2012,100,Total,,%,,,,Total
Palau,PW,PLW,585,Proportion of schools with improved drinking water sources,2013,100,Total,,%,,,,Total
Palau,PW,PLW,585,Proportion of schools with improved drinking water sources,2014,100,Total,,%,,,,Total
Palau,PW,PLW,585,Proportion of schools with improved drinking water sources,2015,100,Total,,%,,,,Total
Palau,PW,PLW,585,Proportion of schools with improved drinking water sources,2016,100,Total,,%,,,,Total
Palau,PW,PLW,585,Proportion of schools with improved drinking water sources,2017,100,Total,,%,,,,Total
Palau,PW,PLW,585,Proportion of schools with improved drinking water sources,2018,100,Total,,%,,,,Total
Palau,PW,PLW,585,Proportion of schools with improved drinking water sources,2019,100,Total,,%,,,,Total
Palau,PW,PLW,585,Proportion of schools with improved drinking water sources,2020,100,Total,,%,,,,Total
Palau,PW,PLW,585,Proportion of schools with improved drinking water sources,2021,100,Total,,%,,,,Total
Palau,PW,PLW,585,Proportion of schools with improved drinking water sources,2022,100,Total,,%,,,,Total
Palau,PW,PLW,585,Proportion of schools with improved drinking water sources,2023,100,Total,,%,,,,Total
Panama,PA,PAN,591,Proportion of schools with improved drinking water sources,2000,71.42981856616893,Total,,%,,,,Total
Panama,PA,PAN,591,Proportion of schools with improved drinking water sources,2001,71.42981856616893,Total,,%,,,,Total
Panama,PA,PAN,591,Proportion of schools with improved drinking water sources,2002,71.42981856616893,Total,,%,,,,Total
Panama,PA,PAN,591,Proportion of schools with improved drinking water sources,2003,71.42981856616893,Total,,%,,,,Total
Panama,PA,PAN,591,Proportion of schools with improved drinking water sources,2004,71.42981856616893,Total,,%,,,,Total
Panama,PA,PAN,591,Proportion of schools with improved drinking water sources,2005,72.06971705667161,Total,,%,,,,Total
Panama,PA,PAN,591,Proportion of schools with improved drinking water sources,2006,72.70961554717428,Total,,%,,,,Total
Panama,PA,PAN,591,Proportion of schools with improved drinking water sources,2007,73.34951403767717,Total,,%,,,,Total
Panama,PA,PAN,591,Proportion of schools with improved drinking water sources,2008,73.98941252817986,Total,,%,,,,Total
Panama,PA,PAN,591,Proportion of schools with improved drinking water sources,2009,74.62931101868253,Total,,%,,,,Total
Panama,PA,PAN,591,Proportion of schools with improved drinking water sources,2010,75.2692095091852,Total,,%,,,,Total
Panama,PA,PAN,591,Proportion of schools with improved drinking water sources,2011,75.90910799968788,Total,,%,,,,Total
Panama,PA,PAN,591,Proportion of schools with improved drinking water sources,2012,76.54900649019055,Total,,%,,,,Total
Panama,PA,PAN,591,Proportion of schools with improved drinking water sources,2013,77.18890498069322,Total,,%,,,,Total
Panama,PA,PAN,591,Proportion of schools with improved drinking water sources,2014,77.82880347119612,Total,,%,,,,Total
Panama,PA,PAN,591,Proportion of schools with improved drinking water sources,2015,78.46870196169881,Total,,%,,,,Total
Panama,PA,PAN,591,Proportion of schools with improved drinking water sources,2016,79.10860045220147,Total,,%,,,,Total
Panama,PA,PAN,591,Proportion of schools with improved drinking water sources,2017,79.74849894270415,Total,,%,,,,Total
Panama,PA,PAN,591,Proportion of schools with improved drinking water sources,2018,80.38839743320682,Total,,%,,,,Total
Panama,PA,PAN,591,Proportion of schools with improved drinking water sources,2019,81.02829592370949,Total,,%,,,,Total
Panama,PA,PAN,591,Proportion of schools with improved drinking water sources,2020,81.66819441421239,Total,,%,,,,Total
Panama,PA,PAN,591,Proportion of schools with improved drinking water sources,2021,82.30809290471507,Total,,%,,,,Total
Panama,PA,PAN,591,Proportion of schools with improved drinking water sources,2022,82.94799139521774,Total,,%,,,,Total
Panama,PA,PAN,591,Proportion of schools with improved drinking water sources,2023,83.58788988572043,Total,,%,,,,Total
Papua New Guinea,PG,PNG,598,Proportion of schools with improved drinking water sources,2011,53.26715436425106,Total,,%,,,,Total
Papua New Guinea,PG,PNG,598,Proportion of schools with improved drinking water sources,2012,53.26715436425106,Total,,%,,,,Total
Papua New Guinea,PG,PNG,598,Proportion of schools with improved drinking water sources,2013,53.26715436425106,Total,,%,,,,Total
Papua New Guinea,PG,PNG,598,Proportion of schools with improved drinking water sources,2014,53.26715436425106,Total,,%,,,,Total
Papua New Guinea,PG,PNG,598,Proportion of schools with improved drinking water sources,2015,53.26715436425106,Total,,%,,,,Total
Papua New Guinea,PG,PNG,598,Proportion of schools with improved drinking water sources,2016,53.26715436425106,Total,,%,,,,Total
Papua New Guinea,PG,PNG,598,Proportion of schools with improved drinking water sources,2017,53.26715436425106,Total,,%,,,,Total
Papua New Guinea,PG,PNG,598,Proportion of schools with improved drinking water sources,2018,53.26715436425106,Total,,%,,,,Total
Papua New Guinea,PG,PNG,598,Proportion of schools with improved drinking water sources,2019,53.26715436425106,Total,,%,,,,Total
Papua New Guinea,PG,PNG,598,Proportion of schools with improved drinking water sources,2020,53.26715436425106,Total,,%,,,,Total
Papua New Guinea,PG,PNG,598,Proportion of schools with improved drinking water sources,2021,53.26715436425106,Total,,%,,,,Total
Papua New Guinea,PG,PNG,598,Proportion of schools with improved drinking water sources,2022,53.26715436425106,Total,,%,,,,Total
Papua New Guinea,PG,PNG,598,Proportion of schools with improved drinking water sources,2023,53.26715436425106,Total,,%,,,,Total
Paraguay,PY,PRY,600,Proportion of schools with improved drinking water sources,2000,66.1112069865876,Total,,%,,,,Total
Paraguay,PY,PRY,600,Proportion of schools with improved drinking water sources,2001,66.1112069865876,Total,,%,,,,Total
Paraguay,PY,PRY,600,Proportion of schools with improved drinking water sources,2002,66.1112069865876,Total,,%,,,,Total
Paraguay,PY,PRY,600,Proportion of schools with improved drinking water sources,2003,66.1112069865876,Total,,%,,,,Total
Paraguay,PY,PRY,600,Proportion of schools with improved drinking water sources,2004,66.1112069865876,Total,,%,,,,Total
Paraguay,PY,PRY,600,Proportion of schools with improved drinking water sources,2005,68.31720117266104,Total,,%,,,,Total
Paraguay,PY,PRY,600,Proportion of schools with improved drinking water sources,2006,70.52319535873539,Total,,%,,,,Total
Paraguay,PY,PRY,600,Proportion of schools with improved drinking water sources,2007,72.72918954480883,Total,,%,,,,Total
Paraguay,PY,PRY,600,Proportion of schools with improved drinking water sources,2008,74.93518373088227,Total,,%,,,,Total
Paraguay,PY,PRY,600,Proportion of schools with improved drinking water sources,2009,77.14117791695571,Total,,%,,,,Total
Paraguay,PY,PRY,600,Proportion of schools with improved drinking water sources,2010,79.34717210302915,Total,,%,,,,Total
Paraguay,PY,PRY,600,Proportion of schools with improved drinking water sources,2011,81.55316628910259,Total,,%,,,,Total
Paraguay,PY,PRY,600,Proportion of schools with improved drinking water sources,2012,83.75916047517603,Total,,%,,,,Total
Paraguay,PY,PRY,600,Proportion of schools with improved drinking water sources,2013,85.96515466124949,Total,,%,,,,Total
Paraguay,PY,PRY,600,Proportion of schools with improved drinking water sources,2014,88.17114884732293,Total,,%,,,,Total
Paraguay,PY,PRY,600,Proportion of schools with improved drinking water sources,2015,90.37714303339726,Total,,%,,,,Total
Paraguay,PY,PRY,600,Proportion of schools with improved drinking water sources,2016,92.5831372194707,Total,,%,,,,Total
Paraguay,PY,PRY,600,Proportion of schools with improved drinking water sources,2017,94.78913140554414,Total,,%,,,,Total
Paraguay,PY,PRY,600,Proportion of schools with improved drinking water sources,2018,96.99512559161758,Total,,%,,,,Total
Paraguay,PY,PRY,600,Proportion of schools with improved drinking water sources,2019,99.20111977769102,Total,,%,,,,Total
Paraguay,PY,PRY,600,Proportion of schools with improved drinking water sources,2020,100,Total,,%,,,,Total
Paraguay,PY,PRY,600,Proportion of schools with improved drinking water sources,2021,100,Total,,%,,,,Total
Paraguay,PY,PRY,600,Proportion of schools with improved drinking water sources,2022,100,Total,,%,,,,Total
Paraguay,PY,PRY,600,Proportion of schools with improved drinking water sources,2023,100,Total,,%,,,,Total
Peru,PE,PER,604,Proportion of schools with improved drinking water sources,2000,70.02837504725039,Total,,%,,,,Total
Peru,PE,PER,604,Proportion of schools with improved drinking water sources,2001,70.02837504725039,Total,,%,,,,Total
Peru,PE,PER,604,Proportion of schools with improved drinking water sources,2002,70.02837504725039,Total,,%,,,,Total
Peru,PE,PER,604,Proportion of schools with improved drinking water sources,2003,70.02837504725039,Total,,%,,,,Total
Peru,PE,PER,604,Proportion of schools with improved drinking water sources,2004,70.02837504725039,Total,,%,,,,Total
Peru,PE,PER,604,Proportion of schools with improved drinking water sources,2005,70.97154625563735,Total,,%,,,,Total
Peru,PE,PER,604,Proportion of schools with improved drinking water sources,2006,71.91471746402408,Total,,%,,,,Total
Peru,PE,PER,604,Proportion of schools with improved drinking water sources,2007,72.85788867241104,Total,,%,,,,Total
Peru,PE,PER,604,Proportion of schools with improved drinking water sources,2008,73.80105988079777,Total,,%,,,,Total
Peru,PE,PER,604,Proportion of schools with improved drinking water sources,2009,74.7442310891845,Total,,%,,,,Total
Peru,PE,PER,604,Proportion of schools with improved drinking water sources,2010,75.68740229757145,Total,,%,,,,Total
Peru,PE,PER,604,Proportion of schools with improved drinking water sources,2011,76.63057350595818,Total,,%,,,,Total
Peru,PE,PER,604,Proportion of schools with improved drinking water sources,2012,77.57374471434514,Total,,%,,,,Total
Peru,PE,PER,604,Proportion of schools with improved drinking water sources,2013,78.51691592273187,Total,,%,,,,Total
Peru,PE,PER,604,Proportion of schools with improved drinking water sources,2014,79.4600871311186,Total,,%,,,,Total
Peru,PE,PER,604,Proportion of schools with improved drinking water sources,2015,80.40325833950556,Total,,%,,,,Total
Peru,PE,PER,604,Proportion of schools with improved drinking water sources,2016,81.34642954789228,Total,,%,,,,Total
Peru,PE,PER,604,Proportion of schools with improved drinking water sources,2017,82.28960075627924,Total,,%,,,,Total
Peru,PE,PER,604,Proportion of schools with improved drinking water sources,2018,83.23277196466597,Total,,%,,,,Total
Peru,PE,PER,604,Proportion of schools with improved drinking water sources,2019,84.1759431730527,Total,,%,,,,Total
Peru,PE,PER,604,Proportion of schools with improved drinking water sources,2020,85.11911438143966,Total,,%,,,,Total
Peru,PE,PER,604,Proportion of schools with improved drinking water sources,2021,86.06228558982639,Total,,%,,,,Total
Peru,PE,PER,604,Proportion of schools with improved drinking water sources,2022,87.00545679821334,Total,,%,,,,Total
Peru,PE,PER,604,Proportion of schools with improved drinking water sources,2023,87.94862800660007,Total,,%,,,,Total
Philippines,PH,PHL,608,Proportion of schools with improved drinking water sources,2010,50.25546826125083,Total,,%,,,,Total
Philippines,PH,PHL,608,Proportion of schools with improved drinking water sources,2011,50.25546826125083,Total,,%,,,,Total
Philippines,PH,PHL,608,Proportion of schools with improved drinking water sources,2012,50.25546826125083,Total,,%,,,,Total
Philippines,PH,PHL,608,Proportion of schools with improved drinking water sources,2013,50.25546826125083,Total,,%,,,,Total
Philippines,PH,PHL,608,Proportion of schools with improved drinking water sources,2014,50.25546826125083,Total,,%,,,,Total
Philippines,PH,PHL,608,Proportion of schools with improved drinking water sources,2015,53.62199523697291,Total,,%,,,,Total
Philippines,PH,PHL,608,Proportion of schools with improved drinking water sources,2016,56.98852221269408,Total,,%,,,,Total
Philippines,PH,PHL,608,Proportion of schools with improved drinking water sources,2017,60.35504918841616,Total,,%,,,,Total
Philippines,PH,PHL,608,Proportion of schools with improved drinking water sources,2018,63.72157616413733,Total,,%,,,,Total
Philippines,PH,PHL,608,Proportion of schools with improved drinking water sources,2019,67.08810313985941,Total,,%,,,,Total
Philippines,PH,PHL,608,Proportion of schools with improved drinking water sources,2020,70.45463011558058,Total,,%,,,,Total
Philippines,PH,PHL,608,Proportion of schools with improved drinking water sources,2021,73.82115709130267,Total,,%,,,,Total
Philippines,PH,PHL,608,Proportion of schools with improved drinking water sources,2022,77.18768406702382,Total,,%,,,,Total
Philippines,PH,PHL,608,Proportion of schools with improved drinking water sources,2023,80.55421104274592,Total,,%,,,,Total
Poland,PL,POL,616,Proportion of schools with improved drinking water sources,2000,100,Total,,%,,,,Total
Poland,PL,POL,616,Proportion of schools with improved drinking water sources,2001,100,Total,,%,,,,Total
Poland,PL,POL,616,Proportion of schools with improved drinking water sources,2002,100,Total,,%,,,,Total
Poland,PL,POL,616,Proportion of schools with improved drinking water sources,2003,100,Total,,%,,,,Total
Poland,PL,POL,616,Proportion of schools with improved drinking water sources,2004,100,Total,,%,,,,Total
Poland,PL,POL,616,Proportion of schools with improved drinking water sources,2005,100,Total,,%,,,,Total
Poland,PL,POL,616,Proportion of schools with improved drinking water sources,2006,100,Total,,%,,,,Total
Poland,PL,POL,616,Proportion of schools with improved drinking water sources,2007,100,Total,,%,,,,Total
Poland,PL,POL,616,Proportion of schools with improved drinking water sources,2008,100,Total,,%,,,,Total
Poland,PL,POL,616,Proportion of schools with improved drinking water sources,2009,100,Total,,%,,,,Total
Poland,PL,POL,616,Proportion of schools with improved drinking water sources,2010,100,Total,,%,,,,Total
Poland,PL,POL,616,Proportion of schools with improved drinking water sources,2011,100,Total,,%,,,,Total
Poland,PL,POL,616,Proportion of schools with improved drinking water sources,2012,100,Total,,%,,,,Total
Poland,PL,POL,616,Proportion of schools with improved drinking water sources,2013,100,Total,,%,,,,Total
Poland,PL,POL,616,Proportion of schools with improved drinking water sources,2014,100,Total,,%,,,,Total
Poland,PL,POL,616,Proportion of schools with improved drinking water sources,2015,100,Total,,%,,,,Total
Poland,PL,POL,616,Proportion of schools with improved drinking water sources,2016,100,Total,,%,,,,Total
Poland,PL,POL,616,Proportion of schools with improved drinking water sources,2017,100,Total,,%,,,,Total
Poland,PL,POL,616,Proportion of schools with improved drinking water sources,2018,100,Total,,%,,,,Total
Poland,PL,POL,616,Proportion of schools with improved drinking water sources,2019,100,Total,,%,,,,Total
Poland,PL,POL,616,Proportion of schools with improved drinking water sources,2020,100,Total,,%,,,,Total
Poland,PL,POL,616,Proportion of schools with improved drinking water sources,2021,100,Total,,%,,,,Total
Poland,PL,POL,616,Proportion of schools with improved drinking water sources,2022,100,Total,,%,,,,Total
Poland,PL,POL,616,Proportion of schools with improved drinking water sources,2023,100,Total,,%,,,,Total
Portugal,PT,PRT,620,Proportion of schools with improved drinking water sources,2000,100,Total,,%,,,,Total
Portugal,PT,PRT,620,Proportion of schools with improved drinking water sources,2001,100,Total,,%,,,,Total
Portugal,PT,PRT,620,Proportion of schools with improved drinking water sources,2002,100,Total,,%,,,,Total
Portugal,PT,PRT,620,Proportion of schools with improved drinking water sources,2003,100,Total,,%,,,,Total
Portugal,PT,PRT,620,Proportion of schools with improved drinking water sources,2004,100,Total,,%,,,,Total
Portugal,PT,PRT,620,Proportion of schools with improved drinking water sources,2005,100,Total,,%,,,,Total
Portugal,PT,PRT,620,Proportion of schools with improved drinking water sources,2006,100,Total,,%,,,,Total
Portugal,PT,PRT,620,Proportion of schools with improved drinking water sources,2007,100,Total,,%,,,,Total
Portugal,PT,PRT,620,Proportion of schools with improved drinking water sources,2008,100,Total,,%,,,,Total
Portugal,PT,PRT,620,Proportion of schools with improved drinking water sources,2009,100,Total,,%,,,,Total
Portugal,PT,PRT,620,Proportion of schools with improved drinking water sources,2010,100,Total,,%,,,,Total
Portugal,PT,PRT,620,Proportion of schools with improved drinking water sources,2011,100,Total,,%,,,,Total
Portugal,PT,PRT,620,Proportion of schools with improved drinking water sources,2012,100,Total,,%,,,,Total
Portugal,PT,PRT,620,Proportion of schools with improved drinking water sources,2013,100,Total,,%,,,,Total
Portugal,PT,PRT,620,Proportion of schools with improved drinking water sources,2014,100,Total,,%,,,,Total
Portugal,PT,PRT,620,Proportion of schools with improved drinking water sources,2015,100,Total,,%,,,,Total
Portugal,PT,PRT,620,Proportion of schools with improved drinking water sources,2016,100,Total,,%,,,,Total
Portugal,PT,PRT,620,Proportion of schools with improved drinking water sources,2017,100,Total,,%,,,,Total
Portugal,PT,PRT,620,Proportion of schools with improved drinking water sources,2018,100,Total,,%,,,,Total
Portugal,PT,PRT,620,Proportion of schools with improved drinking water sources,2019,100,Total,,%,,,,Total
Portugal,PT,PRT,620,Proportion of schools with improved drinking water sources,2020,100,Total,,%,,,,Total
Portugal,PT,PRT,620,Proportion of schools with improved drinking water sources,2021,100,Total,,%,,,,Total
Portugal,PT,PRT,620,Proportion of schools with improved drinking water sources,2022,100,Total,,%,,,,Total
Portugal,PT,PRT,620,Proportion of schools with improved drinking water sources,2023,100,Total,,%,,,,Total
Qatar,QA,QAT,634,Proportion of schools with improved drinking water sources,2000,100,Total,,%,,,,Total
Qatar,QA,QAT,634,Proportion of schools with improved drinking water sources,2001,100,Total,,%,,,,Total
Qatar,QA,QAT,634,Proportion of schools with improved drinking water sources,2002,100,Total,,%,,,,Total
Qatar,QA,QAT,634,Proportion of schools with improved drinking water sources,2003,100,Total,,%,,,,Total
Qatar,QA,QAT,634,Proportion of schools with improved drinking water sources,2004,100,Total,,%,,,,Total
Qatar,QA,QAT,634,Proportion of schools with improved drinking water sources,2005,100,Total,,%,,,,Total
Qatar,QA,QAT,634,Proportion of schools with improved drinking water sources,2006,100,Total,,%,,,,Total
Qatar,QA,QAT,634,Proportion of schools with improved drinking water sources,2007,100,Total,,%,,,,Total
Qatar,QA,QAT,634,Proportion of schools with improved drinking water sources,2008,100,Total,,%,,,,Total
Qatar,QA,QAT,634,Proportion of schools with improved drinking water sources,2009,100,Total,,%,,,,Total
Qatar,QA,QAT,634,Proportion of schools with improved drinking water sources,2010,100,Total,,%,,,,Total
Qatar,QA,QAT,634,Proportion of schools with improved drinking water sources,2011,100,Total,,%,,,,Total
Qatar,QA,QAT,634,Proportion of schools with improved drinking water sources,2012,100,Total,,%,,,,Total
Qatar,QA,QAT,634,Proportion of schools with improved drinking water sources,2013,100,Total,,%,,,,Total
Qatar,QA,QAT,634,Proportion of schools with improved drinking water sources,2014,100,Total,,%,,,,Total
Qatar,QA,QAT,634,Proportion of schools with improved drinking water sources,2015,100,Total,,%,,,,Total
Qatar,QA,QAT,634,Proportion of schools with improved drinking water sources,2016,100,Total,,%,,,,Total
Qatar,QA,QAT,634,Proportion of schools with improved drinking water sources,2017,100,Total,,%,,,,Total
Qatar,QA,QAT,634,Proportion of schools with improved drinking water sources,2018,100,Total,,%,,,,Total
Qatar,QA,QAT,634,Proportion of schools with improved drinking water sources,2019,100,Total,,%,,,,Total
Qatar,QA,QAT,634,Proportion of schools with improved drinking water sources,2020,100,Total,,%,,,,Total
Qatar,QA,QAT,634,Proportion of schools with improved drinking water sources,2021,100,Total,,%,,,,Total
Qatar,QA,QAT,634,Proportion of schools with improved drinking water sources,2022,100,Total,,%,,,,Total
Qatar,QA,QAT,634,Proportion of schools with improved drinking water sources,2023,100,Total,,%,,,,Total
South Korea,KR,KOR,410,Proportion of schools with improved drinking water sources,2000,100,Total,,%,,,,Total
South Korea,KR,KOR,410,Proportion of schools with improved drinking water sources,2001,100,Total,,%,,,,Total
South Korea,KR,KOR,410,Proportion of schools with improved drinking water sources,2002,100,Total,,%,,,,Total
South Korea,KR,KOR,410,Proportion of schools with improved drinking water sources,2003,100,Total,,%,,,,Total
South Korea,KR,KOR,410,Proportion of schools with improved drinking water sources,2004,100,Total,,%,,,,Total
South Korea,KR,KOR,410,Proportion of schools with improved drinking water sources,2005,100,Total,,%,,,,Total
South Korea,KR,KOR,410,Proportion of schools with improved drinking water sources,2006,100,Total,,%,,,,Total
South Korea,KR,KOR,410,Proportion of schools with improved drinking water sources,2007,100,Total,,%,,,,Total
South Korea,KR,KOR,410,Proportion of schools with improved drinking water sources,2008,100,Total,,%,,,,Total
South Korea,KR,KOR,410,Proportion of schools with improved drinking water sources,2009,100,Total,,%,,,,Total
South Korea,KR,KOR,410,Proportion of schools with improved drinking water sources,2010,100,Total,,%,,,,Total
South Korea,KR,KOR,410,Proportion of schools with improved drinking water sources,2011,100,Total,,%,,,,Total
South Korea,KR,KOR,410,Proportion of schools with improved drinking water sources,2012,100,Total,,%,,,,Total
South Korea,KR,KOR,410,Proportion of schools with improved drinking water sources,2013,100,Total,,%,,,,Total
South Korea,KR,KOR,410,Proportion of schools with improved drinking water sources,2014,100,Total,,%,,,,Total
South Korea,KR,KOR,410,Proportion of schools with improved drinking water sources,2015,100,Total,,%,,,,Total
South Korea,KR,KOR,410,Proportion of schools with improved drinking water sources,2016,100,Total,,%,,,,Total
South Korea,KR,KOR,410,Proportion of schools with improved drinking water sources,2017,100,Total,,%,,,,Total
South Korea,KR,KOR,410,Proportion of schools with improved drinking water sources,2018,100,Total,,%,,,,Total
South Korea,KR,KOR,410,Proportion of schools with improved drinking water sources,2019,100,Total,,%,,,,Total
South Korea,KR,KOR,410,Proportion of schools with improved drinking water sources,2020,100,Total,,%,,,,Total
South Korea,KR,KOR,410,Proportion of schools with improved drinking water sources,2021,100,Total,,%,,,,Total
South Korea,KR,KOR,410,Proportion of schools with improved drinking water sources,2022,100,Total,,%,,,,Total
South Korea,KR,KOR,410,Proportion of schools with improved drinking water sources,2023,100,Total,,%,,,,Total
"Moldova, Republic of",MD,MDA,498,Proportion of schools with improved drinking water sources,2004,86.99793201169314,Total,,%,,,,Total
"Moldova, Republic of",MD,MDA,498,Proportion of schools with improved drinking water sources,2005,86.99793201169314,Total,,%,,,,Total
"Moldova, Republic of",MD,MDA,498,Proportion of schools with improved drinking water sources,2006,86.99793201169314,Total,,%,,,,Total
"Moldova, Republic of",MD,MDA,498,Proportion of schools with improved drinking water sources,2007,86.99793201169314,Total,,%,,,,Total
"Moldova, Republic of",MD,MDA,498,Proportion of schools with improved drinking water sources,2008,86.99793201169314,Total,,%,,,,Total
"Moldova, Republic of",MD,MDA,498,Proportion of schools with improved drinking water sources,2009,87.84850070847756,Total,,%,,,,Total
"Moldova, Republic of",MD,MDA,498,Proportion of schools with improved drinking water sources,2010,88.69906940526175,Total,,%,,,,Total
"Moldova, Republic of",MD,MDA,498,Proportion of schools with improved drinking water sources,2011,89.54963810204617,Total,,%,,,,Total
"Moldova, Republic of",MD,MDA,498,Proportion of schools with improved drinking water sources,2012,90.4002067988306,Total,,%,,,,Total
"Moldova, Republic of",MD,MDA,498,Proportion of schools with improved drinking water sources,2013,91.25077549561502,Total,,%,,,,Total
"Moldova, Republic of",MD,MDA,498,Proportion of schools with improved drinking water sources,2014,92.10134419239944,Total,,%,,,,Total
"Moldova, Republic of",MD,MDA,498,Proportion of schools with improved drinking water sources,2015,92.95191288918386,Total,,%,,,,Total
"Moldova, Republic of",MD,MDA,498,Proportion of schools with improved drinking water sources,2016,93.80248158596828,Total,,%,,,,Total
"Moldova, Republic of",MD,MDA,498,Proportion of schools with improved drinking water sources,2017,94.6530502827527,Total,,%,,,,Total
"Moldova, Republic of",MD,MDA,498,Proportion of schools with improved drinking water sources,2018,95.50361897953712,Total,,%,,,,Total
"Moldova, Republic of",MD,MDA,498,Proportion of schools with improved drinking water sources,2019,96.35418767632154,Total,,%,,,,Total
"Moldova, Republic of",MD,MDA,498,Proportion of schools with improved drinking water sources,2020,97.20475637310597,Total,,%,,,,Total
"Moldova, Republic of",MD,MDA,498,Proportion of schools with improved drinking water sources,2021,98.05532506989039,Total,,%,,,,Total
"Moldova, Republic of",MD,MDA,498,Proportion of schools with improved drinking water sources,2022,98.90589376667481,Total,,%,,,,Total
"Moldova, Republic of",MD,MDA,498,Proportion of schools with improved drinking water sources,2023,99.75646246345923,Total,,%,,,,Total
Russian Federation,RU,RUS,643,Proportion of schools with improved drinking water sources,2003,95.92513245033113,Total,,%,,,,Total
Russian Federation,RU,RUS,643,Proportion of schools with improved drinking water sources,2004,95.92513245033113,Total,,%,,,,Total
Russian Federation,RU,RUS,643,Proportion of schools with improved drinking water sources,2005,95.92513245033113,Total,,%,,,,Total
Russian Federation,RU,RUS,643,Proportion of schools with improved drinking water sources,2006,95.92513245033113,Total,,%,,,,Total
Russian Federation,RU,RUS,643,Proportion of schools with improved drinking water sources,2007,95.92513245033113,Total,,%,,,,Total
Russian Federation,RU,RUS,643,Proportion of schools with improved drinking water sources,2008,96.00231788079469,Total,,%,,,,Total
Russian Federation,RU,RUS,643,Proportion of schools with improved drinking water sources,2009,96.07950331125826,Total,,%,,,,Total
Russian Federation,RU,RUS,643,Proportion of schools with improved drinking water sources,2010,96.15668874172184,Total,,%,,,,Total
Russian Federation,RU,RUS,643,Proportion of schools with improved drinking water sources,2011,96.23387417218541,Total,,%,,,,Total
Russian Federation,RU,RUS,643,Proportion of schools with improved drinking water sources,2012,96.31105960264898,Total,,%,,,,Total
Russian Federation,RU,RUS,643,Proportion of schools with improved drinking water sources,2013,96.38824503311255,Total,,%,,,,Total
Russian Federation,RU,RUS,643,Proportion of schools with improved drinking water sources,2014,96.46543046357613,Total,,%,,,,Total
Russian Federation,RU,RUS,643,Proportion of schools with improved drinking water sources,2015,96.54261589403971,Total,,%,,,,Total
Russian Federation,RU,RUS,643,Proportion of schools with improved drinking water sources,2016,96.6198013245033,Total,,%,,,,Total
Russian Federation,RU,RUS,643,Proportion of schools with improved drinking water sources,2017,96.69698675496687,Total,,%,,,,Total
Russian Federation,RU,RUS,643,Proportion of schools with improved drinking water sources,2018,96.77417218543044,Total,,%,,,,Total
Russian Federation,RU,RUS,643,Proportion of schools with improved drinking water sources,2019,96.85135761589402,Total,,%,,,,Total
Russian Federation,RU,RUS,643,Proportion of schools with improved drinking water sources,2020,96.92854304635759,Total,,%,,,,Total
Russian Federation,RU,RUS,643,Proportion of schools with improved drinking water sources,2021,97.00572847682116,Total,,%,,,,Total
Russian Federation,RU,RUS,643,Proportion of schools with improved drinking water sources,2022,97.08291390728476,Total,,%,,,,Total
Russian Federation,RU,RUS,643,Proportion of schools with improved drinking water sources,2023,97.16009933774832,Total,,%,,,,Total
Saint Kitts and Nevis,KN,KNA,659,Proportion of schools with improved drinking water sources,2000,100,Total,,%,,,,Total
Saint Kitts and Nevis,KN,KNA,659,Proportion of schools with improved drinking water sources,2001,100,Total,,%,,,,Total
Saint Kitts and Nevis,KN,KNA,659,Proportion of schools with improved drinking water sources,2002,100,Total,,%,,,,Total
Saint Kitts and Nevis,KN,KNA,659,Proportion of schools with improved drinking water sources,2003,100,Total,,%,,,,Total
Saint Kitts and Nevis,KN,KNA,659,Proportion of schools with improved drinking water sources,2004,100,Total,,%,,,,Total
Saint Kitts and Nevis,KN,KNA,659,Proportion of schools with improved drinking water sources,2005,100,Total,,%,,,,Total
Saint Kitts and Nevis,KN,KNA,659,Proportion of schools with improved drinking water sources,2006,100,Total,,%,,,,Total
Saint Kitts and Nevis,KN,KNA,659,Proportion of schools with improved drinking water sources,2007,100,Total,,%,,,,Total
Saint Kitts and Nevis,KN,KNA,659,Proportion of schools with improved drinking water sources,2008,100,Total,,%,,,,Total
Saint Kitts and Nevis,KN,KNA,659,Proportion of schools with improved drinking water sources,2009,100,Total,,%,,,,Total
Saint Kitts and Nevis,KN,KNA,659,Proportion of schools with improved drinking water sources,2010,100,Total,,%,,,,Total
Saint Kitts and Nevis,KN,KNA,659,Proportion of schools with improved drinking water sources,2011,100,Total,,%,,,,Total
Saint Kitts and Nevis,KN,KNA,659,Proportion of schools with improved drinking water sources,2012,100,Total,,%,,,,Total
Saint Kitts and Nevis,KN,KNA,659,Proportion of schools with improved drinking water sources,2013,100,Total,,%,,,,Total
Saint Kitts and Nevis,KN,KNA,659,Proportion of schools with improved drinking water sources,2014,100,Total,,%,,,,Total
Saint Kitts and Nevis,KN,KNA,659,Proportion of schools with improved drinking water sources,2015,100,Total,,%,,,,Total
Saint Kitts and Nevis,KN,KNA,659,Proportion of schools with improved drinking water sources,2016,100,Total,,%,,,,Total
Saint Kitts and Nevis,KN,KNA,659,Proportion of schools with improved drinking water sources,2017,100,Total,,%,,,,Total
Saint Kitts and Nevis,KN,KNA,659,Proportion of schools with improved drinking water sources,2018,100,Total,,%,,,,Total
Saint Kitts and Nevis,KN,KNA,659,Proportion of schools with improved drinking water sources,2019,100,Total,,%,,,,Total
Saint Kitts and Nevis,KN,KNA,659,Proportion of schools with improved drinking water sources,2020,100,Total,,%,,,,Total
Saint Kitts and Nevis,KN,KNA,659,Proportion of schools with improved drinking water sources,2021,100,Total,,%,,,,Total
Saint Kitts and Nevis,KN,KNA,659,Proportion of schools with improved drinking water sources,2022,100,Total,,%,,,,Total
Saint Kitts and Nevis,KN,KNA,659,Proportion of schools with improved drinking water sources,2023,100,Total,,%,,,,Total
Saint Lucia,LC,LCA,662,Proportion of schools with improved drinking water sources,2000,100,Total,,%,,,,Total
Saint Lucia,LC,LCA,662,Proportion of schools with improved drinking water sources,2001,100,Total,,%,,,,Total
Saint Lucia,LC,LCA,662,Proportion of schools with improved drinking water sources,2002,100,Total,,%,,,,Total
Saint Lucia,LC,LCA,662,Proportion of schools with improved drinking water sources,2003,100,Total,,%,,,,Total
Saint Lucia,LC,LCA,662,Proportion of schools with improved drinking water sources,2004,100,Total,,%,,,,Total
Saint Lucia,LC,LCA,662,Proportion of schools with improved drinking water sources,2005,100,Total,,%,,,,Total
Saint Lucia,LC,LCA,662,Proportion of schools with improved drinking water sources,2006,100,Total,,%,,,,Total
Saint Lucia,LC,LCA,662,Proportion of schools with improved drinking water sources,2007,100,Total,,%,,,,Total
Saint Lucia,LC,LCA,662,Proportion of schools with improved drinking water sources,2008,100,Total,,%,,,,Total
Saint Lucia,LC,LCA,662,Proportion of schools with improved drinking water sources,2009,100,Total,,%,,,,Total
Saint Lucia,LC,LCA,662,Proportion of schools with improved drinking water sources,2010,100,Total,,%,,,,Total
Saint Lucia,LC,LCA,662,Proportion of schools with improved drinking water sources,2011,100,Total,,%,,,,Total
Saint Lucia,LC,LCA,662,Proportion of schools with improved drinking water sources,2012,100,Total,,%,,,,Total
Saint Lucia,LC,LCA,662,Proportion of schools with improved drinking water sources,2013,100,Total,,%,,,,Total
Saint Lucia,LC,LCA,662,Proportion of schools with improved drinking water sources,2014,100,Total,,%,,,,Total
Saint Lucia,LC,LCA,662,Proportion of schools with improved drinking water sources,2015,100,Total,,%,,,,Total
Saint Lucia,LC,LCA,662,Proportion of schools with improved drinking water sources,2016,100,Total,,%,,,,Total
Saint Lucia,LC,LCA,662,Proportion of schools with improved drinking water sources,2017,100,Total,,%,,,,Total
Saint Lucia,LC,LCA,662,Proportion of schools with improved drinking water sources,2018,100,Total,,%,,,,Total
Saint Lucia,LC,LCA,662,Proportion of schools with improved drinking water sources,2019,100,Total,,%,,,,Total
Saint Lucia,LC,LCA,662,Proportion of schools with improved drinking water sources,2020,100,Total,,%,,,,Total
Saint Lucia,LC,LCA,662,Proportion of schools with improved drinking water sources,2021,100,Total,,%,,,,Total
Saint Lucia,LC,LCA,662,Proportion of schools with improved drinking water sources,2022,100,Total,,%,,,,Total
Saint Lucia,LC,LCA,662,Proportion of schools with improved drinking water sources,2023,100,Total,,%,,,,Total
St. Vincent and the Grenadines,VC,VCT,670,Proportion of schools with improved drinking water sources,2000,100,Total,,%,,,,Total
St. Vincent and the Grenadines,VC,VCT,670,Proportion of schools with improved drinking water sources,2001,100,Total,,%,,,,Total
St. Vincent and the Grenadines,VC,VCT,670,Proportion of schools with improved drinking water sources,2002,100,Total,,%,,,,Total
St. Vincent and the Grenadines,VC,VCT,670,Proportion of schools with improved drinking water sources,2003,100,Total,,%,,,,Total
St. Vincent and the Grenadines,VC,VCT,670,Proportion of schools with improved drinking water sources,2004,100,Total,,%,,,,Total
St. Vincent and the Grenadines,VC,VCT,670,Proportion of schools with improved drinking water sources,2005,100,Total,,%,,,,Total
St. Vincent and the Grenadines,VC,VCT,670,Proportion of schools with improved drinking water sources,2006,100,Total,,%,,,,Total
St. Vincent and the Grenadines,VC,VCT,670,Proportion of schools with improved drinking water sources,2007,100,Total,,%,,,,Total
St. Vincent and the Grenadines,VC,VCT,670,Proportion of schools with improved drinking water sources,2008,100,Total,,%,,,,Total
St. Vincent and the Grenadines,VC,VCT,670,Proportion of schools with improved drinking water sources,2009,100,Total,,%,,,,Total
St. Vincent and the Grenadines,VC,VCT,670,Proportion of schools with improved drinking water sources,2010,100,Total,,%,,,,Total
St. Vincent and the Grenadines,VC,VCT,670,Proportion of schools with improved drinking water sources,2011,100,Total,,%,,,,Total
St. Vincent and the Grenadines,VC,VCT,670,Proportion of schools with improved drinking water sources,2012,100,Total,,%,,,,Total
St. Vincent and the Grenadines,VC,VCT,670,Proportion of schools with improved drinking water sources,2013,100,Total,,%,,,,Total
St. Vincent and the Grenadines,VC,VCT,670,Proportion of schools with improved drinking water sources,2014,100,Total,,%,,,,Total
St. Vincent and the Grenadines,VC,VCT,670,Proportion of schools with improved drinking water sources,2015,100,Total,,%,,,,Total
St. Vincent and the Grenadines,VC,VCT,670,Proportion of schools with improved drinking water sources,2016,100,Total,,%,,,,Total
St. Vincent and the Grenadines,VC,VCT,670,Proportion of schools with improved drinking water sources,2017,100,Total,,%,,,,Total
St. Vincent and the Grenadines,VC,VCT,670,Proportion of schools with improved drinking water sources,2018,100,Total,,%,,,,Total
St. Vincent and the Grenadines,VC,VCT,670,Proportion of schools with improved drinking water sources,2019,100,Total,,%,,,,Total
St. Vincent and the Grenadines,VC,VCT,670,Proportion of schools with improved drinking water sources,2020,100,Total,,%,,,,Total
St. Vincent and the Grenadines,VC,VCT,670,Proportion of schools with improved drinking water sources,2021,100,Total,,%,,,,Total
St. Vincent and the Grenadines,VC,VCT,670,Proportion of schools with improved drinking water sources,2022,100,Total,,%,,,,Total
St. Vincent and the Grenadines,VC,VCT,670,Proportion of schools with improved drinking water sources,2023,100,Total,,%,,,,Total
Samoa,WS,WSM,882,Proportion of schools with improved drinking water sources,2000,100,Total,,%,,,,Total
Samoa,WS,WSM,882,Proportion of schools with improved drinking water sources,2001,100,Total,,%,,,,Total
Samoa,WS,WSM,882,Proportion of schools with improved drinking water sources,2002,100,Total,,%,,,,Total
Samoa,WS,WSM,882,Proportion of schools with improved drinking water sources,2003,100,Total,,%,,,,Total
Samoa,WS,WSM,882,Proportion of schools with improved drinking water sources,2004,100,Total,,%,,,,Total
Samoa,WS,WSM,882,Proportion of schools with improved drinking water sources,2005,100,Total,,%,,,,Total
Samoa,WS,WSM,882,Proportion of schools with improved drinking water sources,2006,100,Total,,%,,,,Total
Samoa,WS,WSM,882,Proportion of schools with improved drinking water sources,2007,100,Total,,%,,,,Total
Samoa,WS,WSM,882,Proportion of schools with improved drinking water sources,2008,100,Total,,%,,,,Total
Samoa,WS,WSM,882,Proportion of schools with improved drinking water sources,2009,100,Total,,%,,,,Total
Samoa,WS,WSM,882,Proportion of schools with improved drinking water sources,2010,100,Total,,%,,,,Total
Samoa,WS,WSM,882,Proportion of schools with improved drinking water sources,2011,100,Total,,%,,,,Total
Samoa,WS,WSM,882,Proportion of schools with improved drinking water sources,2012,100,Total,,%,,,,Total
Samoa,WS,WSM,882,Proportion of schools with improved drinking water sources,2013,100,Total,,%,,,,Total
Samoa,WS,WSM,882,Proportion of schools with improved drinking water sources,2014,100,Total,,%,,,,Total
Samoa,WS,WSM,882,Proportion of schools with improved drinking water sources,2015,100,Total,,%,,,,Total
Samoa,WS,WSM,882,Proportion of schools with improved drinking water sources,2016,100,Total,,%,,,,Total
Samoa,WS,WSM,882,Proportion of schools with improved drinking water sources,2017,100,Total,,%,,,,Total
Samoa,WS,WSM,882,Proportion of schools with improved drinking water sources,2018,100,Total,,%,,,,Total
Samoa,WS,WSM,882,Proportion of schools with improved drinking water sources,2019,100,Total,,%,,,,Total
Samoa,WS,WSM,882,Proportion of schools with improved drinking water sources,2020,100,Total,,%,,,,Total
Samoa,WS,WSM,882,Proportion of schools with improved drinking water sources,2021,100,Total,,%,,,,Total
Samoa,WS,WSM,882,Proportion of schools with improved drinking water sources,2022,100,Total,,%,,,,Total
Samoa,WS,WSM,882,Proportion of schools with improved drinking water sources,2023,100,Total,,%,,,,Total
San Marino,SM,SMR,674,Proportion of schools with improved drinking water sources,2000,100,Total,,%,,,,Total
San Marino,SM,SMR,674,Proportion of schools with improved drinking water sources,2001,100,Total,,%,,,,Total
San Marino,SM,SMR,674,Proportion of schools with improved drinking water sources,2002,100,Total,,%,,,,Total
San Marino,SM,SMR,674,Proportion of schools with improved drinking water sources,2003,100,Total,,%,,,,Total
San Marino,SM,SMR,674,Proportion of schools with improved drinking water sources,2004,100,Total,,%,,,,Total
San Marino,SM,SMR,674,Proportion of schools with improved drinking water sources,2005,100,Total,,%,,,,Total
San Marino,SM,SMR,674,Proportion of schools with improved drinking water sources,2006,100,Total,,%,,,,Total
San Marino,SM,SMR,674,Proportion of schools with improved drinking water sources,2007,100,Total,,%,,,,Total
San Marino,SM,SMR,674,Proportion of schools with improved drinking water sources,2008,100,Total,,%,,,,Total
San Marino,SM,SMR,674,Proportion of schools with improved drinking water sources,2009,100,Total,,%,,,,Total
San Marino,SM,SMR,674,Proportion of schools with improved drinking water sources,2010,100,Total,,%,,,,Total
San Marino,SM,SMR,674,Proportion of schools with improved drinking water sources,2011,100,Total,,%,,,,Total
San Marino,SM,SMR,674,Proportion of schools with improved drinking water sources,2012,100,Total,,%,,,,Total
San Marino,SM,SMR,674,Proportion of schools with improved drinking water sources,2013,100,Total,,%,,,,Total
San Marino,SM,SMR,674,Proportion of schools with improved drinking water sources,2014,100,Total,,%,,,,Total
San Marino,SM,SMR,674,Proportion of schools with improved drinking water sources,2015,100,Total,,%,,,,Total
San Marino,SM,SMR,674,Proportion of schools with improved drinking water sources,2016,100,Total,,%,,,,Total
San Marino,SM,SMR,674,Proportion of schools with improved drinking water sources,2017,100,Total,,%,,,,Total
San Marino,SM,SMR,674,Proportion of schools with improved drinking water sources,2018,100,Total,,%,,,,Total
San Marino,SM,SMR,674,Proportion of schools with improved drinking water sources,2019,100,Total,,%,,,,Total
San Marino,SM,SMR,674,Proportion of schools with improved drinking water sources,2020,100,Total,,%,,,,Total
San Marino,SM,SMR,674,Proportion of schools with improved drinking water sources,2021,100,Total,,%,,,,Total
San Marino,SM,SMR,674,Proportion of schools with improved drinking water sources,2022,100,Total,,%,,,,Total
San Marino,SM,SMR,674,Proportion of schools with improved drinking water sources,2023,100,Total,,%,,,,Total
Sao Tome and Principe,ST,STP,678,Proportion of schools with improved drinking water sources,2007,79.93047271080172,Total,,%,,,,Total
Sao Tome and Principe,ST,STP,678,Proportion of schools with improved drinking water sources,2008,79.93047271080172,Total,,%,,,,Total
Sao Tome and Principe,ST,STP,678,Proportion of schools with improved drinking water sources,2009,79.93047271080172,Total,,%,,,,Total
Sao Tome and Principe,ST,STP,678,Proportion of schools with improved drinking water sources,2010,79.93047271080172,Total,,%,,,,Total
Sao Tome and Principe,ST,STP,678,Proportion of schools with improved drinking water sources,2011,79.93047271080172,Total,,%,,,,Total
Sao Tome and Principe,ST,STP,678,Proportion of schools with improved drinking water sources,2012,80.59919250307462,Total,,%,,,,Total
Sao Tome and Principe,ST,STP,678,Proportion of schools with improved drinking water sources,2013,81.26791229534751,Total,,%,,,,Total
Sao Tome and Principe,ST,STP,678,Proportion of schools with improved drinking water sources,2014,81.93663208762041,Total,,%,,,,Total
Sao Tome and Principe,ST,STP,678,Proportion of schools with improved drinking water sources,2015,82.60535187989331,Total,,%,,,,Total
Sao Tome and Principe,ST,STP,678,Proportion of schools with improved drinking water sources,2016,83.2740716721662,Total,,%,,,,Total
Sao Tome and Principe,ST,STP,678,Proportion of schools with improved drinking water sources,2017,83.9427914644391,Total,,%,,,,Total
Sao Tome and Principe,ST,STP,678,Proportion of schools with improved drinking water sources,2018,84.61151125671199,Total,,%,,,,Total
Sao Tome and Principe,ST,STP,678,Proportion of schools with improved drinking water sources,2019,85.28023104898489,Total,,%,,,,Total
Sao Tome and Principe,ST,STP,678,Proportion of schools with improved drinking water sources,2020,85.28023104898489,Total,,%,,,,Total
Sao Tome and Principe,ST,STP,678,Proportion of schools with improved drinking water sources,2021,85.28023104898489,Total,,%,,,,Total
Sao Tome and Principe,ST,STP,678,Proportion of schools with improved drinking water sources,2022,85.28023104898489,Total,,%,,,,Total
Sao Tome and Principe,ST,STP,678,Proportion of schools with improved drinking water sources,2023,85.28023104898489,Total,,%,,,,Total
Saudi Arabia,SA,SAU,682,Proportion of schools with improved drinking water sources,2000,100,Total,,%,,,,Total
Saudi Arabia,SA,SAU,682,Proportion of schools with improved drinking water sources,2001,100,Total,,%,,,,Total
Saudi Arabia,SA,SAU,682,Proportion of schools with improved drinking water sources,2002,100,Total,,%,,,,Total
Saudi Arabia,SA,SAU,682,Proportion of schools with improved drinking water sources,2003,100,Total,,%,,,,Total
Saudi Arabia,SA,SAU,682,Proportion of schools with improved drinking water sources,2004,100,Total,,%,,,,Total
Saudi Arabia,SA,SAU,682,Proportion of schools with improved drinking water sources,2005,100,Total,,%,,,,Total
Saudi Arabia,SA,SAU,682,Proportion of schools with improved drinking water sources,2006,100,Total,,%,,,,Total
Saudi Arabia,SA,SAU,682,Proportion of schools with improved drinking water sources,2007,100,Total,,%,,,,Total
Saudi Arabia,SA,SAU,682,Proportion of schools with improved drinking water sources,2008,100,Total,,%,,,,Total
Saudi Arabia,SA,SAU,682,Proportion of schools with improved drinking water sources,2009,100,Total,,%,,,,Total
Saudi Arabia,SA,SAU,682,Proportion of schools with improved drinking water sources,2010,100,Total,,%,,,,Total
Saudi Arabia,SA,SAU,682,Proportion of schools with improved drinking water sources,2011,100,Total,,%,,,,Total
Saudi Arabia,SA,SAU,682,Proportion of schools with improved drinking water sources,2012,100,Total,,%,,,,Total
Saudi Arabia,SA,SAU,682,Proportion of schools with improved drinking water sources,2013,100,Total,,%,,,,Total
Saudi Arabia,SA,SAU,682,Proportion of schools with improved drinking water sources,2014,100,Total,,%,,,,Total
Saudi Arabia,SA,SAU,682,Proportion of schools with improved drinking water sources,2015,100,Total,,%,,,,Total
Saudi Arabia,SA,SAU,682,Proportion of schools with improved drinking water sources,2016,100,Total,,%,,,,Total
Saudi Arabia,SA,SAU,682,Proportion of schools with improved drinking water sources,2017,100,Total,,%,,,,Total
Saudi Arabia,SA,SAU,682,Proportion of schools with improved drinking water sources,2018,100,Total,,%,,,,Total
Saudi Arabia,SA,SAU,682,Proportion of schools with improved drinking water sources,2019,100,Total,,%,,,,Total
Saudi Arabia,SA,SAU,682,Proportion of schools with improved drinking water sources,2020,100,Total,,%,,,,Total
Saudi Arabia,SA,SAU,682,Proportion of schools with improved drinking water sources,2021,100,Total,,%,,,,Total
Saudi Arabia,SA,SAU,682,Proportion of schools with improved drinking water sources,2022,100,Total,,%,,,,Total
Saudi Arabia,SA,SAU,682,Proportion of schools with improved drinking water sources,2023,100,Total,,%,,,,Total
Senegal,SN,SEN,686,Proportion of schools with improved drinking water sources,2000,29.39871216478878,Total,,%,,,,Total
Senegal,SN,SEN,686,Proportion of schools with improved drinking water sources,2001,29.39871216478878,Total,,%,,,,Total
Senegal,SN,SEN,686,Proportion of schools with improved drinking water sources,2002,29.39871216478878,Total,,%,,,,Total
Senegal,SN,SEN,686,Proportion of schools with improved drinking water sources,2003,29.39871216478878,Total,,%,,,,Total
Senegal,SN,SEN,686,Proportion of schools with improved drinking water sources,2004,29.39871216478878,Total,,%,,,,Total
Senegal,SN,SEN,686,Proportion of schools with improved drinking water sources,2005,32.75307587338193,Total,,%,,,,Total
Senegal,SN,SEN,686,Proportion of schools with improved drinking water sources,2006,36.10743958197509,Total,,%,,,,Total
Senegal,SN,SEN,686,Proportion of schools with improved drinking water sources,2007,39.46180329056824,Total,,%,,,,Total
Senegal,SN,SEN,686,Proportion of schools with improved drinking water sources,2008,42.81616699916049,Total,,%,,,,Total
Senegal,SN,SEN,686,Proportion of schools with improved drinking water sources,2009,46.17053070775364,Total,,%,,,,Total
Senegal,SN,SEN,686,Proportion of schools with improved drinking water sources,2010,49.5248944163468,Total,,%,,,,Total
Senegal,SN,SEN,686,Proportion of schools with improved drinking water sources,2011,52.87925812493994,Total,,%,,,,Total
Senegal,SN,SEN,686,Proportion of schools with improved drinking water sources,2012,56.23362183353311,Total,,%,,,,Total
Senegal,SN,SEN,686,Proportion of schools with improved drinking water sources,2013,59.58798554212626,Total,,%,,,,Total
Senegal,SN,SEN,686,Proportion of schools with improved drinking water sources,2014,62.94234925071941,Total,,%,,,,Total
Senegal,SN,SEN,686,Proportion of schools with improved drinking water sources,2015,66.29671295931166,Total,,%,,,,Total
Senegal,SN,SEN,686,Proportion of schools with improved drinking water sources,2016,69.65107666790482,Total,,%,,,,Total
Senegal,SN,SEN,686,Proportion of schools with improved drinking water sources,2017,73.00544037649797,Total,,%,,,,Total
Senegal,SN,SEN,686,Proportion of schools with improved drinking water sources,2018,76.35980408509113,Total,,%,,,,Total
Senegal,SN,SEN,686,Proportion of schools with improved drinking water sources,2019,79.71416779368428,Total,,%,,,,Total
Senegal,SN,SEN,686,Proportion of schools with improved drinking water sources,2020,83.06853150227744,Total,,%,,,,Total
Senegal,SN,SEN,686,Proportion of schools with improved drinking water sources,2021,86.42289521086968,Total,,%,,,,Total
Senegal,SN,SEN,686,Proportion of schools with improved drinking water sources,2022,89.77725891946284,Total,,%,,,,Total
Senegal,SN,SEN,686,Proportion of schools with improved drinking water sources,2023,93.13162262805599,Total,,%,,,,Total
Serbia,RS,SRB,688,Proportion of schools with improved drinking water sources,2014,98.45,Total,,%,,,,Total
Serbia,RS,SRB,688,Proportion of schools with improved drinking water sources,2015,98.45,Total,,%,,,,Total
Serbia,RS,SRB,688,Proportion of schools with improved drinking water sources,2016,98.45,Total,,%,,,,Total
Serbia,RS,SRB,688,Proportion of schools with improved drinking water sources,2017,98.45,Total,,%,,,,Total
Serbia,RS,SRB,688,Proportion of schools with improved drinking water sources,2018,98.45,Total,,%,,,,Total
Serbia,RS,SRB,688,Proportion of schools with improved drinking water sources,2019,98.45,Total,,%,,,,Total
Serbia,RS,SRB,688,Proportion of schools with improved drinking water sources,2020,98.45,Total,,%,,,,Total
Serbia,RS,SRB,688,Proportion of schools with improved drinking water sources,2021,98.45,Total,,%,,,,Total
Serbia,RS,SRB,688,Proportion of schools with improved drinking water sources,2022,98.45,Total,,%,,,,Total
Serbia,RS,SRB,688,Proportion of schools with improved drinking water sources,2023,98.45,Total,,%,,,,Total
Seychelles,SC,SYC,690,Proportion of schools with improved drinking water sources,2000,100,Total,,%,,,,Total
Seychelles,SC,SYC,690,Proportion of schools with improved drinking water sources,2001,100,Total,,%,,,,Total
Seychelles,SC,SYC,690,Proportion of schools with improved drinking water sources,2002,100,Total,,%,,,,Total
Seychelles,SC,SYC,690,Proportion of schools with improved drinking water sources,2003,100,Total,,%,,,,Total
Seychelles,SC,SYC,690,Proportion of schools with improved drinking water sources,2004,100,Total,,%,,,,Total
Seychelles,SC,SYC,690,Proportion of schools with improved drinking water sources,2005,100,Total,,%,,,,Total
Seychelles,SC,SYC,690,Proportion of schools with improved drinking water sources,2006,100,Total,,%,,,,Total
Seychelles,SC,SYC,690,Proportion of schools with improved drinking water sources,2007,100,Total,,%,,,,Total
Seychelles,SC,SYC,690,Proportion of schools with improved drinking water sources,2008,100,Total,,%,,,,Total
Seychelles,SC,SYC,690,Proportion of schools with improved drinking water sources,2009,100,Total,,%,,,,Total
Seychelles,SC,SYC,690,Proportion of schools with improved drinking water sources,2010,100,Total,,%,,,,Total
Seychelles,SC,SYC,690,Proportion of schools with improved drinking water sources,2011,100,Total,,%,,,,Total
Seychelles,SC,SYC,690,Proportion of schools with improved drinking water sources,2012,100,Total,,%,,,,Total
Seychelles,SC,SYC,690,Proportion of schools with improved drinking water sources,2013,100,Total,,%,,,,Total
Seychelles,SC,SYC,690,Proportion of schools with improved drinking water sources,2014,100,Total,,%,,,,Total
Seychelles,SC,SYC,690,Proportion of schools with improved drinking water sources,2015,100,Total,,%,,,,Total
Seychelles,SC,SYC,690,Proportion of schools with improved drinking water sources,2016,100,Total,,%,,,,Total
Seychelles,SC,SYC,690,Proportion of schools with improved drinking water sources,2017,100,Total,,%,,,,Total
Seychelles,SC,SYC,690,Proportion of schools with improved drinking water sources,2018,100,Total,,%,,,,Total
Seychelles,SC,SYC,690,Proportion of schools with improved drinking water sources,2019,100,Total,,%,,,,Total
Seychelles,SC,SYC,690,Proportion of schools with improved drinking water sources,2020,100,Total,,%,,,,Total
Seychelles,SC,SYC,690,Proportion of schools with improved drinking water sources,2021,100,Total,,%,,,,Total
Seychelles,SC,SYC,690,Proportion of schools with improved drinking water sources,2022,100,Total,,%,,,,Total
Seychelles,SC,SYC,690,Proportion of schools with improved drinking water sources,2023,100,Total,,%,,,,Total
Sierra Leone,SL,SLE,694,Proportion of schools with improved drinking water sources,2010,83.18889760639922,Total,,%,,,,Total
Sierra Leone,SL,SLE,694,Proportion of schools with improved drinking water sources,2011,83.18889760639922,Total,,%,,,,Total
Sierra Leone,SL,SLE,694,Proportion of schools with improved drinking water sources,2012,83.18889760639922,Total,,%,,,,Total
Sierra Leone,SL,SLE,694,Proportion of schools with improved drinking water sources,2013,83.18889760639922,Total,,%,,,,Total
Sierra Leone,SL,SLE,694,Proportion of schools with improved drinking water sources,2014,83.18889760639922,Total,,%,,,,Total
Sierra Leone,SL,SLE,694,Proportion of schools with improved drinking water sources,2015,79.48268339262086,Total,,%,,,,Total
Sierra Leone,SL,SLE,694,Proportion of schools with improved drinking water sources,2016,75.77646917884249,Total,,%,,,,Total
Sierra Leone,SL,SLE,694,Proportion of schools with improved drinking water sources,2017,72.07025496506503,Total,,%,,,,Total
Sierra Leone,SL,SLE,694,Proportion of schools with improved drinking water sources,2018,68.36404075128667,Total,,%,,,,Total
Sierra Leone,SL,SLE,694,Proportion of schools with improved drinking water sources,2019,64.6578265375083,Total,,%,,,,Total
Sierra Leone,SL,SLE,694,Proportion of schools with improved drinking water sources,2020,60.95161232372993,Total,,%,,,,Total
Sierra Leone,SL,SLE,694,Proportion of schools with improved drinking water sources,2021,57.24539810995157,Total,,%,,,,Total
Sierra Leone,SL,SLE,694,Proportion of schools with improved drinking water sources,2022,53.5391838961732,Total,,%,,,,Total
Sierra Leone,SL,SLE,694,Proportion of schools with improved drinking water sources,2023,49.83296968239574,Total,,%,,,,Total
Singapore,SG,SGP,702,Proportion of schools with improved drinking water sources,2000,100,Total,,%,,,,Total
Singapore,SG,SGP,702,Proportion of schools with improved drinking water sources,2001,100,Total,,%,,,,Total
Singapore,SG,SGP,702,Proportion of schools with improved drinking water sources,2002,100,Total,,%,,,,Total
Singapore,SG,SGP,702,Proportion of schools with improved drinking water sources,2003,100,Total,,%,,,,Total
Singapore,SG,SGP,702,Proportion of schools with improved drinking water sources,2004,100,Total,,%,,,,Total
Singapore,SG,SGP,702,Proportion of schools with improved drinking water sources,2005,100,Total,,%,,,,Total
Singapore,SG,SGP,702,Proportion of schools with improved drinking water sources,2006,100,Total,,%,,,,Total
Singapore,SG,SGP,702,Proportion of schools with improved drinking water sources,2007,100,Total,,%,,,,Total
Singapore,SG,SGP,702,Proportion of schools with improved drinking water sources,2008,100,Total,,%,,,,Total
Singapore,SG,SGP,702,Proportion of schools with improved drinking water sources,2009,100,Total,,%,,,,Total
Singapore,SG,SGP,702,Proportion of schools with improved drinking water sources,2010,100,Total,,%,,,,Total
Singapore,SG,SGP,702,Proportion of schools with improved drinking water sources,2011,100,Total,,%,,,,Total
Singapore,SG,SGP,702,Proportion of schools with improved drinking water sources,2012,100,Total,,%,,,,Total
Singapore,SG,SGP,702,Proportion of schools with improved drinking water sources,2013,100,Total,,%,,,,Total
Singapore,SG,SGP,702,Proportion of schools with improved drinking water sources,2014,100,Total,,%,,,,Total
Singapore,SG,SGP,702,Proportion of schools with improved drinking water sources,2015,100,Total,,%,,,,Total
Singapore,SG,SGP,702,Proportion of schools with improved drinking water sources,2016,100,Total,,%,,,,Total
Singapore,SG,SGP,702,Proportion of schools with improved drinking water sources,2017,100,Total,,%,,,,Total
Singapore,SG,SGP,702,Proportion of schools with improved drinking water sources,2018,100,Total,,%,,,,Total
Singapore,SG,SGP,702,Proportion of schools with improved drinking water sources,2019,100,Total,,%,,,,Total
Singapore,SG,SGP,702,Proportion of schools with improved drinking water sources,2020,100,Total,,%,,,,Total
Singapore,SG,SGP,702,Proportion of schools with improved drinking water sources,2021,100,Total,,%,,,,Total
Singapore,SG,SGP,702,Proportion of schools with improved drinking water sources,2022,100,Total,,%,,,,Total
Singapore,SG,SGP,702,Proportion of schools with improved drinking water sources,2023,100,Total,,%,,,,Total
Slovakia,SK,SVK,703,Proportion of schools with improved drinking water sources,2000,100,Total,,%,,,,Total
Slovakia,SK,SVK,703,Proportion of schools with improved drinking water sources,2001,100,Total,,%,,,,Total
Slovakia,SK,SVK,703,Proportion of schools with improved drinking water sources,2002,100,Total,,%,,,,Total
Slovakia,SK,SVK,703,Proportion of schools with improved drinking water sources,2003,100,Total,,%,,,,Total
Slovakia,SK,SVK,703,Proportion of schools with improved drinking water sources,2004,100,Total,,%,,,,Total
Slovakia,SK,SVK,703,Proportion of schools with improved drinking water sources,2005,100,Total,,%,,,,Total
Slovakia,SK,SVK,703,Proportion of schools with improved drinking water sources,2006,100,Total,,%,,,,Total
Slovakia,SK,SVK,703,Proportion of schools with improved drinking water sources,2007,100,Total,,%,,,,Total
Slovakia,SK,SVK,703,Proportion of schools with improved drinking water sources,2008,100,Total,,%,,,,Total
Slovakia,SK,SVK,703,Proportion of schools with improved drinking water sources,2009,100,Total,,%,,,,Total
Slovakia,SK,SVK,703,Proportion of schools with improved drinking water sources,2010,100,Total,,%,,,,Total
Slovakia,SK,SVK,703,Proportion of schools with improved drinking water sources,2011,100,Total,,%,,,,Total
Slovakia,SK,SVK,703,Proportion of schools with improved drinking water sources,2012,100,Total,,%,,,,Total
Slovakia,SK,SVK,703,Proportion of schools with improved drinking water sources,2013,100,Total,,%,,,,Total
Slovakia,SK,SVK,703,Proportion of schools with improved drinking water sources,2014,100,Total,,%,,,,Total
Slovakia,SK,SVK,703,Proportion of schools with improved drinking water sources,2015,100,Total,,%,,,,Total
Slovakia,SK,SVK,703,Proportion of schools with improved drinking water sources,2016,100,Total,,%,,,,Total
Slovakia,SK,SVK,703,Proportion of schools with improved drinking water sources,2017,100,Total,,%,,,,Total
Slovakia,SK,SVK,703,Proportion of schools with improved drinking water sources,2018,100,Total,,%,,,,Total
Slovakia,SK,SVK,703,Proportion of schools with improved drinking water sources,2019,100,Total,,%,,,,Total
Slovakia,SK,SVK,703,Proportion of schools with improved drinking water sources,2020,100,Total,,%,,,,Total
Slovakia,SK,SVK,703,Proportion of schools with improved drinking water sources,2021,100,Total,,%,,,,Total
Slovakia,SK,SVK,703,Proportion of schools with improved drinking water sources,2022,100,Total,,%,,,,Total
Slovakia,SK,SVK,703,Proportion of schools with improved drinking water sources,2023,100,Total,,%,,,,Total
Slovenia,SI,SVN,705,Proportion of schools with improved drinking water sources,2000,100,Total,,%,,,,Total
Slovenia,SI,SVN,705,Proportion of schools with improved drinking water sources,2001,100,Total,,%,,,,Total
Slovenia,SI,SVN,705,Proportion of schools with improved drinking water sources,2002,100,Total,,%,,,,Total
Slovenia,SI,SVN,705,Proportion of schools with improved drinking water sources,2003,100,Total,,%,,,,Total
Slovenia,SI,SVN,705,Proportion of schools with improved drinking water sources,2004,100,Total,,%,,,,Total
Slovenia,SI,SVN,705,Proportion of schools with improved drinking water sources,2005,100,Total,,%,,,,Total
Slovenia,SI,SVN,705,Proportion of schools with improved drinking water sources,2006,100,Total,,%,,,,Total
Slovenia,SI,SVN,705,Proportion of schools with improved drinking water sources,2007,100,Total,,%,,,,Total
Slovenia,SI,SVN,705,Proportion of schools with improved drinking water sources,2008,100,Total,,%,,,,Total
Slovenia,SI,SVN,705,Proportion of schools with improved drinking water sources,2009,100,Total,,%,,,,Total
Slovenia,SI,SVN,705,Proportion of schools with improved drinking water sources,2010,100,Total,,%,,,,Total
Slovenia,SI,SVN,705,Proportion of schools with improved drinking water sources,2011,100,Total,,%,,,,Total
Slovenia,SI,SVN,705,Proportion of schools with improved drinking water sources,2012,100,Total,,%,,,,Total
Slovenia,SI,SVN,705,Proportion of schools with improved drinking water sources,2013,100,Total,,%,,,,Total
Slovenia,SI,SVN,705,Proportion of schools with improved drinking water sources,2014,100,Total,,%,,,,Total
Slovenia,SI,SVN,705,Proportion of schools with improved drinking water sources,2015,100,Total,,%,,,,Total
Slovenia,SI,SVN,705,Proportion of schools with improved drinking water sources,2016,100,Total,,%,,,,Total
Slovenia,SI,SVN,705,Proportion of schools with improved drinking water sources,2017,100,Total,,%,,,,Total
Slovenia,SI,SVN,705,Proportion of schools with improved drinking water sources,2018,100,Total,,%,,,,Total
Slovenia,SI,SVN,705,Proportion of schools with improved drinking water sources,2019,100,Total,,%,,,,Total
Slovenia,SI,SVN,705,Proportion of schools with improved drinking water sources,2020,100,Total,,%,,,,Total
Slovenia,SI,SVN,705,Proportion of schools with improved drinking water sources,2021,100,Total,,%,,,,Total
Slovenia,SI,SVN,705,Proportion of schools with improved drinking water sources,2022,100,Total,,%,,,,Total
Slovenia,SI,SVN,705,Proportion of schools with improved drinking water sources,2023,100,Total,,%,,,,Total
Solomon Islands,SB,SLB,90,Proportion of schools with improved drinking water sources,2014,67.03139275927687,Total,,%,,,,Total
Solomon Islands,SB,SLB,90,Proportion of schools with improved drinking water sources,2015,67.03139275927687,Total,,%,,,,Total
Solomon Islands,SB,SLB,90,Proportion of schools with improved drinking water sources,2016,67.03139275927687,Total,,%,,,,Total
Solomon Islands,SB,SLB,90,Proportion of schools with improved drinking water sources,2017,67.03139275927687,Total,,%,,,,Total
Solomon Islands,SB,SLB,90,Proportion of schools with improved drinking water sources,2018,67.03139275927687,Total,,%,,,,Total
Solomon Islands,SB,SLB,90,Proportion of schools with improved drinking water sources,2019,67.03139275927687,Total,,%,,,,Total
Solomon Islands,SB,SLB,90,Proportion of schools with improved drinking water sources,2020,67.03139275927687,Total,,%,,,,Total
Solomon Islands,SB,SLB,90,Proportion of schools with improved drinking water sources,2021,67.03139275927687,Total,,%,,,,Total
Solomon Islands,SB,SLB,90,Proportion of schools with improved drinking water sources,2022,67.03139275927687,Total,,%,,,,Total
Somalia,SO,SOM,706,Proportion of schools with improved drinking water sources,2008,26.53984145345203,Total,,%,,,,Total
Somalia,SO,SOM,706,Proportion of schools with improved drinking water sources,2009,26.53984145345203,Total,,%,,,,Total
Somalia,SO,SOM,706,Proportion of schools with improved drinking water sources,2010,26.53984145345203,Total,,%,,,,Total
Somalia,SO,SOM,706,Proportion of schools with improved drinking water sources,2011,26.53984145345203,Total,,%,,,,Total
Somalia,SO,SOM,706,Proportion of schools with improved drinking water sources,2012,26.53984145345203,Total,,%,,,,Total
Somalia,SO,SOM,706,Proportion of schools with improved drinking water sources,2013,34.093065781939,Total,,%,,,,Total
Somalia,SO,SOM,706,Proportion of schools with improved drinking water sources,2014,41.64629011042779,Total,,%,,,,Total
Somalia,SO,SOM,706,Proportion of schools with improved drinking water sources,2015,49.19951443891659,Total,,%,,,,Total
Somalia,SO,SOM,706,Proportion of schools with improved drinking water sources,2016,56.75273876740357,Total,,%,,,,Total
Somalia,SO,SOM,706,Proportion of schools with improved drinking water sources,2017,64.30596309589237,Total,,%,,,,Total
Somalia,SO,SOM,706,Proportion of schools with improved drinking water sources,2018,71.85918742438116,Total,,%,,,,Total
Somalia,SO,SOM,706,Proportion of schools with improved drinking water sources,2019,79.41241175286814,Total,,%,,,,Total
Somalia,SO,SOM,706,Proportion of schools with improved drinking water sources,2020,86.96563608135693,Total,,%,,,,Total
Somalia,SO,SOM,706,Proportion of schools with improved drinking water sources,2021,94.51886040984573,Total,,%,,,,Total
Somalia,SO,SOM,706,Proportion of schools with improved drinking water sources,2022,94.51886040984573,Total,,%,,,,Total
Somalia,SO,SOM,706,Proportion of schools with improved drinking water sources,2023,94.51886040984573,Total,,%,,,,Total
South Africa,ZA,ZAF,710,Proportion of schools with improved drinking water sources,2006,90.59113935480059,Total,,%,,,,Total
South Africa,ZA,ZAF,710,Proportion of schools with improved drinking water sources,2007,90.59113935480059,Total,,%,,,,Total
South Africa,ZA,ZAF,710,Proportion of schools with improved drinking water sources,2008,90.59113935480059,Total,,%,,,,Total
South Africa,ZA,ZAF,710,Proportion of schools with improved drinking water sources,2009,90.59113935480059,Total,,%,,,,Total
South Africa,ZA,ZAF,710,Proportion of schools with improved drinking water sources,2010,91.57232338948779,Total,,%,,,,Total
South Africa,ZA,ZAF,710,Proportion of schools with improved drinking water sources,2011,92.553507424175,Total,,%,,,,Total
South Africa,ZA,ZAF,710,Proportion of schools with improved drinking water sources,2012,93.5346914588622,Total,,%,,,,Total
South Africa,ZA,ZAF,710,Proportion of schools with improved drinking water sources,2013,94.51587549354963,Total,,%,,,,Total
South Africa,ZA,ZAF,710,Proportion of schools with improved drinking water sources,2014,95.49705952823685,Total,,%,,,,Total
South Africa,ZA,ZAF,710,Proportion of schools with improved drinking water sources,2015,96.47824356292404,Total,,%,,,,Total
South Africa,ZA,ZAF,710,Proportion of schools with improved drinking water sources,2016,96.94309628781271,Total,,%,,,,Total
South Africa,ZA,ZAF,710,Proportion of schools with improved drinking water sources,2017,96.94309628781271,Total,,%,,,,Total
South Africa,ZA,ZAF,710,Proportion of schools with improved drinking water sources,2018,96.94309628781271,Total,,%,,,,Total
South Africa,ZA,ZAF,710,Proportion of schools with improved drinking water sources,2019,96.94309628781271,Total,,%,,,,Total
South Africa,ZA,ZAF,710,Proportion of schools with improved drinking water sources,2020,96.94309628781271,Total,,%,,,,Total
South Africa,ZA,ZAF,710,Proportion of schools with improved drinking water sources,2021,96.94309628781271,Total,,%,,,,Total
South Sudan,SS,SSD,728,Proportion of schools with improved drinking water sources,2011,47.51360105103686,Total,,%,,,,Total
South Sudan,SS,SSD,728,Proportion of schools with improved drinking water sources,2012,50.53595853613842,Total,,%,,,,Total
South Sudan,SS,SSD,728,Proportion of schools with improved drinking water sources,2013,53.55831602123908,Total,,%,,,,Total
South Sudan,SS,SSD,728,Proportion of schools with improved drinking water sources,2014,56.58067350634064,Total,,%,,,,Total
South Sudan,SS,SSD,728,Proportion of schools with improved drinking water sources,2015,59.6030309914413,Total,,%,,,,Total
South Sudan,SS,SSD,728,Proportion of schools with improved drinking water sources,2016,62.62538847654287,Total,,%,,,,Total
South Sudan,SS,SSD,728,Proportion of schools with improved drinking water sources,2017,65.64774596164352,Total,,%,,,,Total
South Sudan,SS,SSD,728,Proportion of schools with improved drinking water sources,2018,67.050505,Total,,%,,,,Total
South Sudan,SS,SSD,728,Proportion of schools with improved drinking water sources,2019,67.050505,Total,,%,,,,Total
South Sudan,SS,SSD,728,Proportion of schools with improved drinking water sources,2020,67.050505,Total,,%,,,,Total
South Sudan,SS,SSD,728,Proportion of schools with improved drinking water sources,2021,67.050505,Total,,%,,,,Total
South Sudan,SS,SSD,728,Proportion of schools with improved drinking water sources,2022,67.050505,Total,,%,,,,Total
South Sudan,SS,SSD,728,Proportion of schools with improved drinking water sources,2023,67.050505,Total,,%,,,,Total
Spain,ES,ESP,724,Proportion of schools with improved drinking water sources,2000,100,Total,,%,,,,Total
Spain,ES,ESP,724,Proportion of schools with improved drinking water sources,2001,100,Total,,%,,,,Total
Spain,ES,ESP,724,Proportion of schools with improved drinking water sources,2002,100,Total,,%,,,,Total
Spain,ES,ESP,724,Proportion of schools with improved drinking water sources,2003,100,Total,,%,,,,Total
Spain,ES,ESP,724,Proportion of schools with improved drinking water sources,2004,100,Total,,%,,,,Total
Spain,ES,ESP,724,Proportion of schools with improved drinking water sources,2005,100,Total,,%,,,,Total
Spain,ES,ESP,724,Proportion of schools with improved drinking water sources,2006,100,Total,,%,,,,Total
Spain,ES,ESP,724,Proportion of schools with improved drinking water sources,2007,100,Total,,%,,,,Total
Spain,ES,ESP,724,Proportion of schools with improved drinking water sources,2008,100,Total,,%,,,,Total
Spain,ES,ESP,724,Proportion of schools with improved drinking water sources,2009,100,Total,,%,,,,Total
Spain,ES,ESP,724,Proportion of schools with improved drinking water sources,2010,100,Total,,%,,,,Total
Spain,ES,ESP,724,Proportion of schools with improved drinking water sources,2011,100,Total,,%,,,,Total
Spain,ES,ESP,724,Proportion of schools with improved drinking water sources,2012,100,Total,,%,,,,Total
Spain,ES,ESP,724,Proportion of schools with improved drinking water sources,2013,100,Total,,%,,,,Total
Spain,ES,ESP,724,Proportion of schools with improved drinking water sources,2014,100,Total,,%,,,,Total
Spain,ES,ESP,724,Proportion of schools with improved drinking water sources,2015,100,Total,,%,,,,Total
Spain,ES,ESP,724,Proportion of schools with improved drinking water sources,2016,100,Total,,%,,,,Total
Spain,ES,ESP,724,Proportion of schools with improved drinking water sources,2017,100,Total,,%,,,,Total
Spain,ES,ESP,724,Proportion of schools with improved drinking water sources,2018,100,Total,,%,,,,Total
Spain,ES,ESP,724,Proportion of schools with improved drinking water sources,2019,100,Total,,%,,,,Total
Spain,ES,ESP,724,Proportion of schools with improved drinking water sources,2020,100,Total,,%,,,,Total
Spain,ES,ESP,724,Proportion of schools with improved drinking water sources,2021,100,Total,,%,,,,Total
Spain,ES,ESP,724,Proportion of schools with improved drinking water sources,2022,100,Total,,%,,,,Total
Spain,ES,ESP,724,Proportion of schools with improved drinking water sources,2023,100,Total,,%,,,,Total
Sri Lanka,LK,LKA,144,Proportion of schools with improved drinking water sources,2011,80.10705380112448,Total,,%,,,,Total
Sri Lanka,LK,LKA,144,Proportion of schools with improved drinking water sources,2012,80.10705380112448,Total,,%,,,,Total
Sri Lanka,LK,LKA,144,Proportion of schools with improved drinking water sources,2013,80.10705380112448,Total,,%,,,,Total
Sri Lanka,LK,LKA,144,Proportion of schools with improved drinking water sources,2014,80.10705380112448,Total,,%,,,,Total
Sri Lanka,LK,LKA,144,Proportion of schools with improved drinking water sources,2015,80.10705380112448,Total,,%,,,,Total
Sri Lanka,LK,LKA,144,Proportion of schools with improved drinking water sources,2016,81.7464524529455,Total,,%,,,,Total
Sri Lanka,LK,LKA,144,Proportion of schools with improved drinking water sources,2017,83.38585110476652,Total,,%,,,,Total
Sri Lanka,LK,LKA,144,Proportion of schools with improved drinking water sources,2018,85.02524975658753,Total,,%,,,,Total
Sri Lanka,LK,LKA,144,Proportion of schools with improved drinking water sources,2019,86.66464840840854,Total,,%,,,,Total
Sri Lanka,LK,LKA,144,Proportion of schools with improved drinking water sources,2020,88.30404706022954,Total,,%,,,,Total
Sri Lanka,LK,LKA,144,Proportion of schools with improved drinking water sources,2021,89.94344571205056,Total,,%,,,,Total
Sri Lanka,LK,LKA,144,Proportion of schools with improved drinking water sources,2022,91.58284436387157,Total,,%,,,,Total
Sri Lanka,LK,LKA,144,Proportion of schools with improved drinking water sources,2023,93.22224301569258,Total,,%,,,,Total
"Palestinian Territory, Occupied",PS,PSE,275,Proportion of schools with improved drinking water sources,2000,91.82117149857527,Total,,%,,,,Total
"Palestinian Territory, Occupied",PS,PSE,275,Proportion of schools with improved drinking water sources,2001,92.19368158962345,Total,,%,,,,Total
"Palestinian Territory, Occupied",PS,PSE,275,Proportion of schools with improved drinking water sources,2002,92.56619168067175,Total,,%,,,,Total
"Palestinian Territory, Occupied",PS,PSE,275,Proportion of schools with improved drinking water sources,2003,92.93870177171993,Total,,%,,,,Total
"Palestinian Territory, Occupied",PS,PSE,275,Proportion of schools with improved drinking water sources,2004,93.31121186276823,Total,,%,,,,Total
"Palestinian Territory, Occupied",PS,PSE,275,Proportion of schools with improved drinking water sources,2005,93.68372195381642,Total,,%,,,,Total
"Palestinian Territory, Occupied",PS,PSE,275,Proportion of schools with improved drinking water sources,2006,94.05623204486471,Total,,%,,,,Total
"Palestinian Territory, Occupied",PS,PSE,275,Proportion of schools with improved drinking water sources,2007,94.4287421359129,Total,,%,,,,Total
"Palestinian Territory, Occupied",PS,PSE,275,Proportion of schools with improved drinking water sources,2008,94.8012522269612,Total,,%,,,,Total
"Palestinian Territory, Occupied",PS,PSE,275,Proportion of schools with improved drinking water sources,2009,95.17376231800938,Total,,%,,,,Total
"Palestinian Territory, Occupied",PS,PSE,275,Proportion of schools with improved drinking water sources,2010,95.54627240905756,Total,,%,,,,Total
"Palestinian Territory, Occupied",PS,PSE,275,Proportion of schools with improved drinking water sources,2011,95.91878250010586,Total,,%,,,,Total
"Palestinian Territory, Occupied",PS,PSE,275,Proportion of schools with improved drinking water sources,2012,96.29129259115403,Total,,%,,,,Total
"Palestinian Territory, Occupied",PS,PSE,275,Proportion of schools with improved drinking water sources,2013,96.66380268220234,Total,,%,,,,Total
"Palestinian Territory, Occupied",PS,PSE,275,Proportion of schools with improved drinking water sources,2014,97.03631277325053,Total,,%,,,,Total
"Palestinian Territory, Occupied",PS,PSE,275,Proportion of schools with improved drinking water sources,2015,97.40882286429883,Total,,%,,,,Total
"Palestinian Territory, Occupied",PS,PSE,275,Proportion of schools with improved drinking water sources,2016,97.78133295534701,Total,,%,,,,Total
"Palestinian Territory, Occupied",PS,PSE,275,Proportion of schools with improved drinking water sources,2017,98.1538430463952,Total,,%,,,,Total
"Palestinian Territory, Occupied",PS,PSE,275,Proportion of schools with improved drinking water sources,2018,98.52635313744349,Total,,%,,,,Total
"Palestinian Territory, Occupied",PS,PSE,275,Proportion of schools with improved drinking water sources,2019,98.89886322849168,Total,,%,,,,Total
"Palestinian Territory, Occupied",PS,PSE,275,Proportion of schools with improved drinking water sources,2020,99.27137331953998,Total,,%,,,,Total
"Palestinian Territory, Occupied",PS,PSE,275,Proportion of schools with improved drinking water sources,2021,99.64388341058815,Total,,%,,,,Total
"Palestinian Territory, Occupied",PS,PSE,275,Proportion of schools with improved drinking water sources,2022,100,Total,,%,,,,Total
"Palestinian Territory, Occupied",PS,PSE,275,Proportion of schools with improved drinking water sources,2023,100,Total,,%,,,,Total
Sudan,SD,SDN,736,Proportion of schools with improved drinking water sources,2007,90.75688490656012,Total,,%,,,,Total
Sudan,SD,SDN,736,Proportion of schools with improved drinking water sources,2008,90.75688490656012,Total,,%,,,,Total
Sudan,SD,SDN,736,Proportion of schools with improved drinking water sources,2009,90.75688490656012,Total,,%,,,,Total
Sudan,SD,SDN,736,Proportion of schools with improved drinking water sources,2010,90.75688490656012,Total,,%,,,,Total
Sudan,SD,SDN,736,Proportion of schools with improved drinking water sources,2011,90.75688490656012,Total,,%,,,,Total
Sudan,SD,SDN,736,Proportion of schools with improved drinking water sources,2012,87.98596259147507,Total,,%,,,,Total
Sudan,SD,SDN,736,Proportion of schools with improved drinking water sources,2013,85.21504027639003,Total,,%,,,,Total
Sudan,SD,SDN,736,Proportion of schools with improved drinking water sources,2014,82.44411796130498,Total,,%,,,,Total
Sudan,SD,SDN,736,Proportion of schools with improved drinking water sources,2015,79.67319564621994,Total,,%,,,,Total
Sudan,SD,SDN,736,Proportion of schools with improved drinking water sources,2016,76.90227333113489,Total,,%,,,,Total
Sudan,SD,SDN,736,Proportion of schools with improved drinking water sources,2017,74.13135101605076,Total,,%,,,,Total
Sudan,SD,SDN,736,Proportion of schools with improved drinking water sources,2018,71.36042870096571,Total,,%,,,,Total
Sudan,SD,SDN,736,Proportion of schools with improved drinking water sources,2019,68.58950638588067,Total,,%,,,,Total
Sudan,SD,SDN,736,Proportion of schools with improved drinking water sources,2020,65.81858407079562,Total,,%,,,,Total
Sudan,SD,SDN,736,Proportion of schools with improved drinking water sources,2021,63.04766175571058,Total,,%,,,,Total
Sudan,SD,SDN,736,Proportion of schools with improved drinking water sources,2022,60.27673944062553,Total,,%,,,,Total
Sudan,SD,SDN,736,Proportion of schools with improved drinking water sources,2023,60.27673944062553,Total,,%,,,,Total
Sweden,SE,SWE,752,Proportion of schools with improved drinking water sources,2000,100,Total,,%,,,,Total
Sweden,SE,SWE,752,Proportion of schools with improved drinking water sources,2001,100,Total,,%,,,,Total
Sweden,SE,SWE,752,Proportion of schools with improved drinking water sources,2002,100,Total,,%,,,,Total
Sweden,SE,SWE,752,Proportion of schools with improved drinking water sources,2003,100,Total,,%,,,,Total
Sweden,SE,SWE,752,Proportion of schools with improved drinking water sources,2004,100,Total,,%,,,,Total
Sweden,SE,SWE,752,Proportion of schools with improved drinking water sources,2005,100,Total,,%,,,,Total
Sweden,SE,SWE,752,Proportion of schools with improved drinking water sources,2006,100,Total,,%,,,,Total
Sweden,SE,SWE,752,Proportion of schools with improved drinking water sources,2007,100,Total,,%,,,,Total
Sweden,SE,SWE,752,Proportion of schools with improved drinking water sources,2008,100,Total,,%,,,,Total
Sweden,SE,SWE,752,Proportion of schools with improved drinking water sources,2009,100,Total,,%,,,,Total
Sweden,SE,SWE,752,Proportion of schools with improved drinking water sources,2010,100,Total,,%,,,,Total
Sweden,SE,SWE,752,Proportion of schools with improved drinking water sources,2011,100,Total,,%,,,,Total
Sweden,SE,SWE,752,Proportion of schools with improved drinking water sources,2012,100,Total,,%,,,,Total
Sweden,SE,SWE,752,Proportion of schools with improved drinking water sources,2013,100,Total,,%,,,,Total
Sweden,SE,SWE,752,Proportion of schools with improved drinking water sources,2014,100,Total,,%,,,,Total
Sweden,SE,SWE,752,Proportion of schools with improved drinking water sources,2015,100,Total,,%,,,,Total
Sweden,SE,SWE,752,Proportion of schools with improved drinking water sources,2016,100,Total,,%,,,,Total
Sweden,SE,SWE,752,Proportion of schools with improved drinking water sources,2017,100,Total,,%,,,,Total
Sweden,SE,SWE,752,Proportion of schools with improved drinking water sources,2018,100,Total,,%,,,,Total
Sweden,SE,SWE,752,Proportion of schools with improved drinking water sources,2019,100,Total,,%,,,,Total
Sweden,SE,SWE,752,Proportion of schools with improved drinking water sources,2020,100,Total,,%,,,,Total
Sweden,SE,SWE,752,Proportion of schools with improved drinking water sources,2021,100,Total,,%,,,,Total
Sweden,SE,SWE,752,Proportion of schools with improved drinking water sources,2022,100,Total,,%,,,,Total
Sweden,SE,SWE,752,Proportion of schools with improved drinking water sources,2023,100,Total,,%,,,,Total
Switzerland,CH,CHE,756,Proportion of schools with improved drinking water sources,2000,100,Total,,%,,,,Total
Switzerland,CH,CHE,756,Proportion of schools with improved drinking water sources,2001,100,Total,,%,,,,Total
Switzerland,CH,CHE,756,Proportion of schools with improved drinking water sources,2002,100,Total,,%,,,,Total
Switzerland,CH,CHE,756,Proportion of schools with improved drinking water sources,2003,100,Total,,%,,,,Total
Switzerland,CH,CHE,756,Proportion of schools with improved drinking water sources,2004,100,Total,,%,,,,Total
Switzerland,CH,CHE,756,Proportion of schools with improved drinking water sources,2005,100,Total,,%,,,,Total
Switzerland,CH,CHE,756,Proportion of schools with improved drinking water sources,2006,100,Total,,%,,,,Total
Switzerland,CH,CHE,756,Proportion of schools with improved drinking water sources,2007,100,Total,,%,,,,Total
Switzerland,CH,CHE,756,Proportion of schools with improved drinking water sources,2008,100,Total,,%,,,,Total
Switzerland,CH,CHE,756,Proportion of schools with improved drinking water sources,2009,100,Total,,%,,,,Total
Switzerland,CH,CHE,756,Proportion of schools with improved drinking water sources,2010,100,Total,,%,,,,Total
Switzerland,CH,CHE,756,Proportion of schools with improved drinking water sources,2011,100,Total,,%,,,,Total
Switzerland,CH,CHE,756,Proportion of schools with improved drinking water sources,2012,100,Total,,%,,,,Total
Switzerland,CH,CHE,756,Proportion of schools with improved drinking water sources,2013,100,Total,,%,,,,Total
Switzerland,CH,CHE,756,Proportion of schools with improved drinking water sources,2014,100,Total,,%,,,,Total
Switzerland,CH,CHE,756,Proportion of schools with improved drinking water sources,2015,100,Total,,%,,,,Total
Switzerland,CH,CHE,756,Proportion of schools with improved drinking water sources,2016,100,Total,,%,,,,Total
Switzerland,CH,CHE,756,Proportion of schools with improved drinking water sources,2017,100,Total,,%,,,,Total
Switzerland,CH,CHE,756,Proportion of schools with improved drinking water sources,2018,100,Total,,%,,,,Total
Switzerland,CH,CHE,756,Proportion of schools with improved drinking water sources,2019,100,Total,,%,,,,Total
Switzerland,CH,CHE,756,Proportion of schools with improved drinking water sources,2020,100,Total,,%,,,,Total
Switzerland,CH,CHE,756,Proportion of schools with improved drinking water sources,2021,100,Total,,%,,,,Total
Switzerland,CH,CHE,756,Proportion of schools with improved drinking water sources,2022,100,Total,,%,,,,Total
Switzerland,CH,CHE,756,Proportion of schools with improved drinking water sources,2023,100,Total,,%,,,,Total
Syrian Arab Republic,SY,SYR,760,Proportion of schools with improved drinking water sources,2014,97.8005683924379,Total,,%,,,,Total
Syrian Arab Republic,SY,SYR,760,Proportion of schools with improved drinking water sources,2015,97.8005683924379,Total,,%,,,,Total
Syrian Arab Republic,SY,SYR,760,Proportion of schools with improved drinking water sources,2016,97.8005683924379,Total,,%,,,,Total
Syrian Arab Republic,SY,SYR,760,Proportion of schools with improved drinking water sources,2017,97.8005683924379,Total,,%,,,,Total
Syrian Arab Republic,SY,SYR,760,Proportion of schools with improved drinking water sources,2018,97.8005683924379,Total,,%,,,,Total
Syrian Arab Republic,SY,SYR,760,Proportion of schools with improved drinking water sources,2019,97.8005683924379,Total,,%,,,,Total
Syrian Arab Republic,SY,SYR,760,Proportion of schools with improved drinking water sources,2020,97.8005683924379,Total,,%,,,,Total
Syrian Arab Republic,SY,SYR,760,Proportion of schools with improved drinking water sources,2021,97.8005683924379,Total,,%,,,,Total
Syrian Arab Republic,SY,SYR,760,Proportion of schools with improved drinking water sources,2022,97.8005683924379,Total,,%,,,,Total
Tajikistan,TJ,TJK,762,Proportion of schools with improved drinking water sources,2013,86.24999999999999,Total,,%,,,,Total
Tajikistan,TJ,TJK,762,Proportion of schools with improved drinking water sources,2014,86.24999999999999,Total,,%,,,,Total
Tajikistan,TJ,TJK,762,Proportion of schools with improved drinking water sources,2015,86.24999999999999,Total,,%,,,,Total
Tajikistan,TJ,TJK,762,Proportion of schools with improved drinking water sources,2016,86.24999999999999,Total,,%,,,,Total
Tajikistan,TJ,TJK,762,Proportion of schools with improved drinking water sources,2017,86.24999999999999,Total,,%,,,,Total
Tajikistan,TJ,TJK,762,Proportion of schools with improved drinking water sources,2018,86.24999999999999,Total,,%,,,,Total
Tajikistan,TJ,TJK,762,Proportion of schools with improved drinking water sources,2019,86.24999999999999,Total,,%,,,,Total
Tajikistan,TJ,TJK,762,Proportion of schools with improved drinking water sources,2020,86.24999999999999,Total,,%,,,,Total
Tajikistan,TJ,TJK,762,Proportion of schools with improved drinking water sources,2021,86.24999999999999,Total,,%,,,,Total
Thailand,TH,THA,764,Proportion of schools with improved drinking water sources,2000,100,Total,,%,,,,Total
Thailand,TH,THA,764,Proportion of schools with improved drinking water sources,2001,100,Total,,%,,,,Total
Thailand,TH,THA,764,Proportion of schools with improved drinking water sources,2002,100,Total,,%,,,,Total
Thailand,TH,THA,764,Proportion of schools with improved drinking water sources,2003,100,Total,,%,,,,Total
Thailand,TH,THA,764,Proportion of schools with improved drinking water sources,2004,100,Total,,%,,,,Total
Thailand,TH,THA,764,Proportion of schools with improved drinking water sources,2005,100,Total,,%,,,,Total
Thailand,TH,THA,764,Proportion of schools with improved drinking water sources,2006,100,Total,,%,,,,Total
Thailand,TH,THA,764,Proportion of schools with improved drinking water sources,2007,100,Total,,%,,,,Total
Thailand,TH,THA,764,Proportion of schools with improved drinking water sources,2008,100,Total,,%,,,,Total
Thailand,TH,THA,764,Proportion of schools with improved drinking water sources,2009,100,Total,,%,,,,Total
Thailand,TH,THA,764,Proportion of schools with improved drinking water sources,2010,100,Total,,%,,,,Total
Thailand,TH,THA,764,Proportion of schools with improved drinking water sources,2011,100,Total,,%,,,,Total
Thailand,TH,THA,764,Proportion of schools with improved drinking water sources,2012,100,Total,,%,,,,Total
Thailand,TH,THA,764,Proportion of schools with improved drinking water sources,2013,100,Total,,%,,,,Total
Thailand,TH,THA,764,Proportion of schools with improved drinking water sources,2014,100,Total,,%,,,,Total
Thailand,TH,THA,764,Proportion of schools with improved drinking water sources,2015,100,Total,,%,,,,Total
Thailand,TH,THA,764,Proportion of schools with improved drinking water sources,2016,100,Total,,%,,,,Total
Thailand,TH,THA,764,Proportion of schools with improved drinking water sources,2017,100,Total,,%,,,,Total
Thailand,TH,THA,764,Proportion of schools with improved drinking water sources,2018,100,Total,,%,,,,Total
Thailand,TH,THA,764,Proportion of schools with improved drinking water sources,2019,100,Total,,%,,,,Total
Thailand,TH,THA,764,Proportion of schools with improved drinking water sources,2020,100,Total,,%,,,,Total
Thailand,TH,THA,764,Proportion of schools with improved drinking water sources,2021,100,Total,,%,,,,Total
Thailand,TH,THA,764,Proportion of schools with improved drinking water sources,2022,100,Total,,%,,,,Total
Thailand,TH,THA,764,Proportion of schools with improved drinking water sources,2023,100,Total,,%,,,,Total
Timor-Leste,TL,TLS,626,Proportion of schools with improved drinking water sources,2004,52.92209231459583,Total,,%,,,,Total
Timor-Leste,TL,TLS,626,Proportion of schools with improved drinking water sources,2005,52.92209231459583,Total,,%,,,,Total
Timor-Leste,TL,TLS,626,Proportion of schools with improved drinking water sources,2006,52.92209231459583,Total,,%,,,,Total
Timor-Leste,TL,TLS,626,Proportion of schools with improved drinking water sources,2007,52.92209231459583,Total,,%,,,,Total
Timor-Leste,TL,TLS,626,Proportion of schools with improved drinking water sources,2008,52.92209231459583,Total,,%,,,,Total
Timor-Leste,TL,TLS,626,Proportion of schools with improved drinking water sources,2009,55.45310131867972,Total,,%,,,,Total
Timor-Leste,TL,TLS,626,Proportion of schools with improved drinking water sources,2010,57.98411032276363,Total,,%,,,,Total
Timor-Leste,TL,TLS,626,Proportion of schools with improved drinking water sources,2011,60.51511932684753,Total,,%,,,,Total
Timor-Leste,TL,TLS,626,Proportion of schools with improved drinking water sources,2012,63.04612833093141,Total,,%,,,,Total
Timor-Leste,TL,TLS,626,Proportion of schools with improved drinking water sources,2013,65.57713733501532,Total,,%,,,,Total
Timor-Leste,TL,TLS,626,Proportion of schools with improved drinking water sources,2014,68.10814633909831,Total,,%,,,,Total
Timor-Leste,TL,TLS,626,Proportion of schools with improved drinking water sources,2015,70.63915534318221,Total,,%,,,,Total
Timor-Leste,TL,TLS,626,Proportion of schools with improved drinking water sources,2016,73.17016434726609,Total,,%,,,,Total
Timor-Leste,TL,TLS,626,Proportion of schools with improved drinking water sources,2017,73.17016434726609,Total,,%,,,,Total
Timor-Leste,TL,TLS,626,Proportion of schools with improved drinking water sources,2018,73.17016434726609,Total,,%,,,,Total
Timor-Leste,TL,TLS,626,Proportion of schools with improved drinking water sources,2019,73.17016434726609,Total,,%,,,,Total
Timor-Leste,TL,TLS,626,Proportion of schools with improved drinking water sources,2020,73.17016434726609,Total,,%,,,,Total
Togo,TG,TGO,768,Proportion of schools with improved drinking water sources,2004,25.05286894329311,Total,,%,,,,Total
Togo,TG,TGO,768,Proportion of schools with improved drinking water sources,2005,25.05286894329311,Total,,%,,,,Total
Togo,TG,TGO,768,Proportion of schools with improved drinking water sources,2006,25.05286894329311,Total,,%,,,,Total
Togo,TG,TGO,768,Proportion of schools with improved drinking water sources,2007,25.05286894329311,Total,,%,,,,Total
Togo,TG,TGO,768,Proportion of schools with improved drinking water sources,2008,25.05286894329311,Total,,%,,,,Total
Togo,TG,TGO,768,Proportion of schools with improved drinking water sources,2009,27.31781199165198,Total,,%,,,,Total
Togo,TG,TGO,768,Proportion of schools with improved drinking water sources,2010,29.58275504001085,Total,,%,,,,Total
Togo,TG,TGO,768,Proportion of schools with improved drinking water sources,2011,31.84769808836882,Total,,%,,,,Total
Togo,TG,TGO,768,Proportion of schools with improved drinking water sources,2012,34.11264113672769,Total,,%,,,,Total
Togo,TG,TGO,768,Proportion of schools with improved drinking water sources,2013,36.37758418508656,Total,,%,,,,Total
Togo,TG,TGO,768,Proportion of schools with improved drinking water sources,2014,38.64252723344543,Total,,%,,,,Total
Togo,TG,TGO,768,Proportion of schools with improved drinking water sources,2015,40.90747028180431,Total,,%,,,,Total
Togo,TG,TGO,768,Proportion of schools with improved drinking water sources,2016,43.17241333016228,Total,,%,,,,Total
Togo,TG,TGO,768,Proportion of schools with improved drinking water sources,2017,43.17241333016228,Total,,%,,,,Total
Togo,TG,TGO,768,Proportion of schools with improved drinking water sources,2018,43.17241333016228,Total,,%,,,,Total
Togo,TG,TGO,768,Proportion of schools with improved drinking water sources,2019,43.17241333016228,Total,,%,,,,Total
Togo,TG,TGO,768,Proportion of schools with improved drinking water sources,2020,43.17241333016228,Total,,%,,,,Total
Tokelau,TK,TKL,772,Proportion of schools with improved drinking water sources,2000,100,Total,,%,,,,Total
Tokelau,TK,TKL,772,Proportion of schools with improved drinking water sources,2001,100,Total,,%,,,,Total
Tokelau,TK,TKL,772,Proportion of schools with improved drinking water sources,2002,100,Total,,%,,,,Total
Tokelau,TK,TKL,772,Proportion of schools with improved drinking water sources,2003,100,Total,,%,,,,Total
Tokelau,TK,TKL,772,Proportion of schools with improved drinking water sources,2004,100,Total,,%,,,,Total
Tokelau,TK,TKL,772,Proportion of schools with improved drinking water sources,2005,100,Total,,%,,,,Total
Tokelau,TK,TKL,772,Proportion of schools with improved drinking water sources,2006,100,Total,,%,,,,Total
Tokelau,TK,TKL,772,Proportion of schools with improved drinking water sources,2007,100,Total,,%,,,,Total
Tokelau,TK,TKL,772,Proportion of schools with improved drinking water sources,2008,100,Total,,%,,,,Total
Tokelau,TK,TKL,772,Proportion of schools with improved drinking water sources,2009,100,Total,,%,,,,Total
Tokelau,TK,TKL,772,Proportion of schools with improved drinking water sources,2010,100,Total,,%,,,,Total
Tokelau,TK,TKL,772,Proportion of schools with improved drinking water sources,2011,100,Total,,%,,,,Total
Tokelau,TK,TKL,772,Proportion of schools with improved drinking water sources,2012,100,Total,,%,,,,Total
Tokelau,TK,TKL,772,Proportion of schools with improved drinking water sources,2013,100,Total,,%,,,,Total
Tokelau,TK,TKL,772,Proportion of schools with improved drinking water sources,2014,100,Total,,%,,,,Total
Tokelau,TK,TKL,772,Proportion of schools with improved drinking water sources,2015,100,Total,,%,,,,Total
Tokelau,TK,TKL,772,Proportion of schools with improved drinking water sources,2016,100,Total,,%,,,,Total
Tokelau,TK,TKL,772,Proportion of schools with improved drinking water sources,2017,100,Total,,%,,,,Total
Tokelau,TK,TKL,772,Proportion of schools with improved drinking water sources,2018,100,Total,,%,,,,Total
Tokelau,TK,TKL,772,Proportion of schools with improved drinking water sources,2019,100,Total,,%,,,,Total
Tokelau,TK,TKL,772,Proportion of schools with improved drinking water sources,2020,100,Total,,%,,,,Total
Tokelau,TK,TKL,772,Proportion of schools with improved drinking water sources,2021,100,Total,,%,,,,Total
Tokelau,TK,TKL,772,Proportion of schools with improved drinking water sources,2022,100,Total,,%,,,,Total
Tokelau,TK,TKL,772,Proportion of schools with improved drinking water sources,2023,100,Total,,%,,,,Total
Tunisia,TN,TUN,788,Proportion of schools with improved drinking water sources,2007,87.08159315745525,Total,,%,,,,Total
Tunisia,TN,TUN,788,Proportion of schools with improved drinking water sources,2008,87.08159315745525,Total,,%,,,,Total
Tunisia,TN,TUN,788,Proportion of schools with improved drinking water sources,2009,87.08159315745525,Total,,%,,,,Total
Tunisia,TN,TUN,788,Proportion of schools with improved drinking water sources,2010,87.08159315745525,Total,,%,,,,Total
Tunisia,TN,TUN,788,Proportion of schools with improved drinking water sources,2011,87.08159315745525,Total,,%,,,,Total
Tunisia,TN,TUN,788,Proportion of schools with improved drinking water sources,2012,87.6344658750545,Total,,%,,,,Total
Tunisia,TN,TUN,788,Proportion of schools with improved drinking water sources,2013,88.18733859265399,Total,,%,,,,Total
Tunisia,TN,TUN,788,Proportion of schools with improved drinking water sources,2014,88.74021131025324,Total,,%,,,,Total
Tunisia,TN,TUN,788,Proportion of schools with improved drinking water sources,2015,89.2930840278525,Total,,%,,,,Total
Tunisia,TN,TUN,788,Proportion of schools with improved drinking water sources,2016,89.84595674545199,Total,,%,,,,Total
Tunisia,TN,TUN,788,Proportion of schools with improved drinking water sources,2017,90.39882946305124,Total,,%,,,,Total
Tunisia,TN,TUN,788,Proportion of schools with improved drinking water sources,2018,90.9517021806505,Total,,%,,,,Total
Tunisia,TN,TUN,788,Proportion of schools with improved drinking water sources,2019,91.50457489824998,Total,,%,,,,Total
Tunisia,TN,TUN,788,Proportion of schools with improved drinking water sources,2020,92.05744761584924,Total,,%,,,,Total
Tunisia,TN,TUN,788,Proportion of schools with improved drinking water sources,2021,92.61032033344873,Total,,%,,,,Total
Tunisia,TN,TUN,788,Proportion of schools with improved drinking water sources,2022,93.163193051048,Total,,%,,,,Total
Tunisia,TN,TUN,788,Proportion of schools with improved drinking water sources,2023,93.71606576864724,Total,,%,,,,Total
Turkmenistan,TM,TKM,795,Proportion of schools with improved drinking water sources,2000,100,Total,,%,,,,Total
Turkmenistan,TM,TKM,795,Proportion of schools with improved drinking water sources,2001,100,Total,,%,,,,Total
Turkmenistan,TM,TKM,795,Proportion of schools with improved drinking water sources,2002,100,Total,,%,,,,Total
Turkmenistan,TM,TKM,795,Proportion of schools with improved drinking water sources,2003,100,Total,,%,,,,Total
Turkmenistan,TM,TKM,795,Proportion of schools with improved drinking water sources,2004,100,Total,,%,,,,Total
Turkmenistan,TM,TKM,795,Proportion of schools with improved drinking water sources,2005,100,Total,,%,,,,Total
Turkmenistan,TM,TKM,795,Proportion of schools with improved drinking water sources,2006,100,Total,,%,,,,Total
Turkmenistan,TM,TKM,795,Proportion of schools with improved drinking water sources,2007,100,Total,,%,,,,Total
Turkmenistan,TM,TKM,795,Proportion of schools with improved drinking water sources,2008,100,Total,,%,,,,Total
Turkmenistan,TM,TKM,795,Proportion of schools with improved drinking water sources,2009,100,Total,,%,,,,Total
Turkmenistan,TM,TKM,795,Proportion of schools with improved drinking water sources,2010,100,Total,,%,,,,Total
Turkmenistan,TM,TKM,795,Proportion of schools with improved drinking water sources,2011,100,Total,,%,,,,Total
Turkmenistan,TM,TKM,795,Proportion of schools with improved drinking water sources,2012,100,Total,,%,,,,Total
Turkmenistan,TM,TKM,795,Proportion of schools with improved drinking water sources,2013,100,Total,,%,,,,Total
Turkmenistan,TM,TKM,795,Proportion of schools with improved drinking water sources,2014,100,Total,,%,,,,Total
Turkmenistan,TM,TKM,795,Proportion of schools with improved drinking water sources,2015,100,Total,,%,,,,Total
Turkmenistan,TM,TKM,795,Proportion of schools with improved drinking water sources,2016,100,Total,,%,,,,Total
Turkmenistan,TM,TKM,795,Proportion of schools with improved drinking water sources,2017,100,Total,,%,,,,Total
Turkmenistan,TM,TKM,795,Proportion of schools with improved drinking water sources,2018,100,Total,,%,,,,Total
Turkmenistan,TM,TKM,795,Proportion of schools with improved drinking water sources,2019,100,Total,,%,,,,Total
Turkmenistan,TM,TKM,795,Proportion of schools with improved drinking water sources,2020,100,Total,,%,,,,Total
Turkmenistan,TM,TKM,795,Proportion of schools with improved drinking water sources,2021,100,Total,,%,,,,Total
Turkmenistan,TM,TKM,795,Proportion of schools with improved drinking water sources,2022,100,Total,,%,,,,Total
Turkmenistan,TM,TKM,795,Proportion of schools with improved drinking water sources,2023,100,Total,,%,,,,Total
Turks and Caicos Islands,TC,TCA,796,Proportion of schools with improved drinking water sources,2000,100,Total,,%,,,,Total
Turks and Caicos Islands,TC,TCA,796,Proportion of schools with improved drinking water sources,2001,100,Total,,%,,,,Total
Turks and Caicos Islands,TC,TCA,796,Proportion of schools with improved drinking water sources,2002,100,Total,,%,,,,Total
Turks and Caicos Islands,TC,TCA,796,Proportion of schools with improved drinking water sources,2003,100,Total,,%,,,,Total
Turks and Caicos Islands,TC,TCA,796,Proportion of schools with improved drinking water sources,2004,100,Total,,%,,,,Total
Turks and Caicos Islands,TC,TCA,796,Proportion of schools with improved drinking water sources,2005,100,Total,,%,,,,Total
Turks and Caicos Islands,TC,TCA,796,Proportion of schools with improved drinking water sources,2006,100,Total,,%,,,,Total
Turks and Caicos Islands,TC,TCA,796,Proportion of schools with improved drinking water sources,2007,100,Total,,%,,,,Total
Turks and Caicos Islands,TC,TCA,796,Proportion of schools with improved drinking water sources,2008,100,Total,,%,,,,Total
Turks and Caicos Islands,TC,TCA,796,Proportion of schools with improved drinking water sources,2009,100,Total,,%,,,,Total
Turks and Caicos Islands,TC,TCA,796,Proportion of schools with improved drinking water sources,2010,100,Total,,%,,,,Total
Turks and Caicos Islands,TC,TCA,796,Proportion of schools with improved drinking water sources,2011,100,Total,,%,,,,Total
Turks and Caicos Islands,TC,TCA,796,Proportion of schools with improved drinking water sources,2012,100,Total,,%,,,,Total
Turks and Caicos Islands,TC,TCA,796,Proportion of schools with improved drinking water sources,2013,100,Total,,%,,,,Total
Turks and Caicos Islands,TC,TCA,796,Proportion of schools with improved drinking water sources,2014,100,Total,,%,,,,Total
Turks and Caicos Islands,TC,TCA,796,Proportion of schools with improved drinking water sources,2015,100,Total,,%,,,,Total
Turks and Caicos Islands,TC,TCA,796,Proportion of schools with improved drinking water sources,2016,100,Total,,%,,,,Total
Turks and Caicos Islands,TC,TCA,796,Proportion of schools with improved drinking water sources,2017,100,Total,,%,,,,Total
Turks and Caicos Islands,TC,TCA,796,Proportion of schools with improved drinking water sources,2018,100,Total,,%,,,,Total
Turks and Caicos Islands,TC,TCA,796,Proportion of schools with improved drinking water sources,2019,100,Total,,%,,,,Total
Turks and Caicos Islands,TC,TCA,796,Proportion of schools with improved drinking water sources,2020,100,Total,,%,,,,Total
Turks and Caicos Islands,TC,TCA,796,Proportion of schools with improved drinking water sources,2021,100,Total,,%,,,,Total
Turks and Caicos Islands,TC,TCA,796,Proportion of schools with improved drinking water sources,2022,100,Total,,%,,,,Total
Turks and Caicos Islands,TC,TCA,796,Proportion of schools with improved drinking water sources,2023,100,Total,,%,,,,Total
Tuvalu,TV,TUV,798,Proportion of schools with improved drinking water sources,2000,100,Total,,%,,,,Total
Tuvalu,TV,TUV,798,Proportion of schools with improved drinking water sources,2001,100,Total,,%,,,,Total
Tuvalu,TV,TUV,798,Proportion of schools with improved drinking water sources,2002,100,Total,,%,,,,Total
Tuvalu,TV,TUV,798,Proportion of schools with improved drinking water sources,2003,100,Total,,%,,,,Total
Tuvalu,TV,TUV,798,Proportion of schools with improved drinking water sources,2004,100,Total,,%,,,,Total
Tuvalu,TV,TUV,798,Proportion of schools with improved drinking water sources,2005,100,Total,,%,,,,Total
Tuvalu,TV,TUV,798,Proportion of schools with improved drinking water sources,2006,100,Total,,%,,,,Total
Tuvalu,TV,TUV,798,Proportion of schools with improved drinking water sources,2007,100,Total,,%,,,,Total
Tuvalu,TV,TUV,798,Proportion of schools with improved drinking water sources,2008,100,Total,,%,,,,Total
Tuvalu,TV,TUV,798,Proportion of schools with improved drinking water sources,2009,100,Total,,%,,,,Total
Tuvalu,TV,TUV,798,Proportion of schools with improved drinking water sources,2010,100,Total,,%,,,,Total
Tuvalu,TV,TUV,798,Proportion of schools with improved drinking water sources,2011,100,Total,,%,,,,Total
Tuvalu,TV,TUV,798,Proportion of schools with improved drinking water sources,2012,100,Total,,%,,,,Total
Tuvalu,TV,TUV,798,Proportion of schools with improved drinking water sources,2013,100,Total,,%,,,,Total
Tuvalu,TV,TUV,798,Proportion of schools with improved drinking water sources,2014,100,Total,,%,,,,Total
Tuvalu,TV,TUV,798,Proportion of schools with improved drinking water sources,2015,100,Total,,%,,,,Total
Tuvalu,TV,TUV,798,Proportion of schools with improved drinking water sources,2016,100,Total,,%,,,,Total
Tuvalu,TV,TUV,798,Proportion of schools with improved drinking water sources,2017,100,Total,,%,,,,Total
Tuvalu,TV,TUV,798,Proportion of schools with improved drinking water sources,2018,100,Total,,%,,,,Total
Tuvalu,TV,TUV,798,Proportion of schools with improved drinking water sources,2019,100,Total,,%,,,,Total
Tuvalu,TV,TUV,798,Proportion of schools with improved drinking water sources,2020,100,Total,,%,,,,Total
Tuvalu,TV,TUV,798,Proportion of schools with improved drinking water sources,2021,100,Total,,%,,,,Total
Tuvalu,TV,TUV,798,Proportion of schools with improved drinking water sources,2022,100,Total,,%,,,,Total
Tuvalu,TV,TUV,798,Proportion of schools with improved drinking water sources,2023,100,Total,,%,,,,Total
Turkey,TR,TUR,792,Proportion of schools with improved drinking water sources,2000,100,Total,,%,,,,Total
Turkey,TR,TUR,792,Proportion of schools with improved drinking water sources,2001,100,Total,,%,,,,Total
Turkey,TR,TUR,792,Proportion of schools with improved drinking water sources,2002,100,Total,,%,,,,Total
Turkey,TR,TUR,792,Proportion of schools with improved drinking water sources,2003,100,Total,,%,,,,Total
Turkey,TR,TUR,792,Proportion of schools with improved drinking water sources,2004,100,Total,,%,,,,Total
Turkey,TR,TUR,792,Proportion of schools with improved drinking water sources,2005,100,Total,,%,,,,Total
Turkey,TR,TUR,792,Proportion of schools with improved drinking water sources,2006,100,Total,,%,,,,Total
Turkey,TR,TUR,792,Proportion of schools with improved drinking water sources,2007,100,Total,,%,,,,Total
Turkey,TR,TUR,792,Proportion of schools with improved drinking water sources,2008,100,Total,,%,,,,Total
Turkey,TR,TUR,792,Proportion of schools with improved drinking water sources,2009,100,Total,,%,,,,Total
Turkey,TR,TUR,792,Proportion of schools with improved drinking water sources,2010,100,Total,,%,,,,Total
Turkey,TR,TUR,792,Proportion of schools with improved drinking water sources,2011,100,Total,,%,,,,Total
Turkey,TR,TUR,792,Proportion of schools with improved drinking water sources,2012,100,Total,,%,,,,Total
Turkey,TR,TUR,792,Proportion of schools with improved drinking water sources,2013,100,Total,,%,,,,Total
Turkey,TR,TUR,792,Proportion of schools with improved drinking water sources,2014,100,Total,,%,,,,Total
Turkey,TR,TUR,792,Proportion of schools with improved drinking water sources,2015,100,Total,,%,,,,Total
Turkey,TR,TUR,792,Proportion of schools with improved drinking water sources,2016,100,Total,,%,,,,Total
Turkey,TR,TUR,792,Proportion of schools with improved drinking water sources,2017,100,Total,,%,,,,Total
Turkey,TR,TUR,792,Proportion of schools with improved drinking water sources,2018,100,Total,,%,,,,Total
Turkey,TR,TUR,792,Proportion of schools with improved drinking water sources,2019,100,Total,,%,,,,Total
Turkey,TR,TUR,792,Proportion of schools with improved drinking water sources,2020,100,Total,,%,,,,Total
Turkey,TR,TUR,792,Proportion of schools with improved drinking water sources,2021,100,Total,,%,,,,Total
Turkey,TR,TUR,792,Proportion of schools with improved drinking water sources,2022,100,Total,,%,,,,Total
Turkey,TR,TUR,792,Proportion of schools with improved drinking water sources,2023,100,Total,,%,,,,Total
Uganda,UG,UGA,800,Proportion of schools with improved drinking water sources,2000,89.91545608243499,Total,,%,,,,Total
Uganda,UG,UGA,800,Proportion of schools with improved drinking water sources,2001,89.91545608243499,Total,,%,,,,Total
Uganda,UG,UGA,800,Proportion of schools with improved drinking water sources,2002,89.91545608243499,Total,,%,,,,Total
Uganda,UG,UGA,800,Proportion of schools with improved drinking water sources,2003,89.8302475501834,Total,,%,,,,Total
Uganda,UG,UGA,800,Proportion of schools with improved drinking water sources,2004,89.74503901793184,Total,,%,,,,Total
Uganda,UG,UGA,800,Proportion of schools with improved drinking water sources,2005,89.65983048568029,Total,,%,,,,Total
Uganda,UG,UGA,800,Proportion of schools with improved drinking water sources,2006,89.57462195342873,Total,,%,,,,Total
Uganda,UG,UGA,800,Proportion of schools with improved drinking water sources,2007,89.48941342117718,Total,,%,,,,Total
Uganda,UG,UGA,800,Proportion of schools with improved drinking water sources,2008,89.40420488892559,Total,,%,,,,Total
Uganda,UG,UGA,800,Proportion of schools with improved drinking water sources,2009,89.31899635667403,Total,,%,,,,Total
Uganda,UG,UGA,800,Proportion of schools with improved drinking water sources,2010,89.23378782442246,Total,,%,,,,Total
Uganda,UG,UGA,800,Proportion of schools with improved drinking water sources,2011,89.14857929217092,Total,,%,,,,Total
Uganda,UG,UGA,800,Proportion of schools with improved drinking water sources,2012,89.06337075991934,Total,,%,,,,Total
Uganda,UG,UGA,800,Proportion of schools with improved drinking water sources,2013,88.97816222766778,Total,,%,,,,Total
Uganda,UG,UGA,800,Proportion of schools with improved drinking water sources,2014,88.89295369541622,Total,,%,,,,Total
Uganda,UG,UGA,800,Proportion of schools with improved drinking water sources,2015,88.80774516316467,Total,,%,,,,Total
Uganda,UG,UGA,800,Proportion of schools with improved drinking water sources,2016,88.72253663091311,Total,,%,,,,Total
Uganda,UG,UGA,800,Proportion of schools with improved drinking water sources,2017,88.63732809866153,Total,,%,,,,Total
Uganda,UG,UGA,800,Proportion of schools with improved drinking water sources,2018,88.55211956640997,Total,,%,,,,Total
Uganda,UG,UGA,800,Proportion of schools with improved drinking water sources,2019,88.4669110341584,Total,,%,,,,Total
Uganda,UG,UGA,800,Proportion of schools with improved drinking water sources,2020,88.38170250190686,Total,,%,,,,Total
Uganda,UG,UGA,800,Proportion of schools with improved drinking water sources,2021,88.2964939696553,Total,,%,,,,Total
Uganda,UG,UGA,800,Proportion of schools with improved drinking water sources,2022,88.21128543740372,Total,,%,,,,Total
Uganda,UG,UGA,800,Proportion of schools with improved drinking water sources,2023,88.21128543740372,Total,,%,,,,Total
Ukraine,UA,UKR,804,Proportion of schools with improved drinking water sources,2012,95.11980655327559,Total,,%,,,,Total
Ukraine,UA,UKR,804,Proportion of schools with improved drinking water sources,2013,95.11980655327559,Total,,%,,,,Total
Ukraine,UA,UKR,804,Proportion of schools with improved drinking water sources,2014,95.11980655327559,Total,,%,,,,Total
Ukraine,UA,UKR,804,Proportion of schools with improved drinking water sources,2015,95.11980655327559,Total,,%,,,,Total
Ukraine,UA,UKR,804,Proportion of schools with improved drinking water sources,2016,95.11980655327559,Total,,%,,,,Total
Ukraine,UA,UKR,804,Proportion of schools with improved drinking water sources,2017,95.11980655327559,Total,,%,,,,Total
Ukraine,UA,UKR,804,Proportion of schools with improved drinking water sources,2018,95.11980655327559,Total,,%,,,,Total
Ukraine,UA,UKR,804,Proportion of schools with improved drinking water sources,2019,95.11980655327559,Total,,%,,,,Total
Ukraine,UA,UKR,804,Proportion of schools with improved drinking water sources,2020,95.11980655327559,Total,,%,,,,Total
Ukraine,UA,UKR,804,Proportion of schools with improved drinking water sources,2021,95.11980655327559,Total,,%,,,,Total
Ukraine,UA,UKR,804,Proportion of schools with improved drinking water sources,2022,95.11980655327559,Total,,%,,,,Total
Ukraine,UA,UKR,804,Proportion of schools with improved drinking water sources,2023,95.11980655327559,Total,,%,,,,Total
United Arab Emirates,AE,ARE,784,Proportion of schools with improved drinking water sources,2000,100,Total,,%,,,,Total
United Arab Emirates,AE,ARE,784,Proportion of schools with improved drinking water sources,2001,100,Total,,%,,,,Total
United Arab Emirates,AE,ARE,784,Proportion of schools with improved drinking water sources,2002,100,Total,,%,,,,Total
United Arab Emirates,AE,ARE,784,Proportion of schools with improved drinking water sources,2003,100,Total,,%,,,,Total
United Arab Emirates,AE,ARE,784,Proportion of schools with improved drinking water sources,2004,100,Total,,%,,,,Total
United Arab Emirates,AE,ARE,784,Proportion of schools with improved drinking water sources,2005,100,Total,,%,,,,Total
United Arab Emirates,AE,ARE,784,Proportion of schools with improved drinking water sources,2006,100,Total,,%,,,,Total
United Arab Emirates,AE,ARE,784,Proportion of schools with improved drinking water sources,2007,100,Total,,%,,,,Total
United Arab Emirates,AE,ARE,784,Proportion of schools with improved drinking water sources,2008,100,Total,,%,,,,Total
United Arab Emirates,AE,ARE,784,Proportion of schools with improved drinking water sources,2009,100,Total,,%,,,,Total
United Arab Emirates,AE,ARE,784,Proportion of schools with improved drinking water sources,2010,100,Total,,%,,,,Total
United Arab Emirates,AE,ARE,784,Proportion of schools with improved drinking water sources,2011,100,Total,,%,,,,Total
United Arab Emirates,AE,ARE,784,Proportion of schools with improved drinking water sources,2012,100,Total,,%,,,,Total
United Arab Emirates,AE,ARE,784,Proportion of schools with improved drinking water sources,2013,100,Total,,%,,,,Total
United Arab Emirates,AE,ARE,784,Proportion of schools with improved drinking water sources,2014,100,Total,,%,,,,Total
United Arab Emirates,AE,ARE,784,Proportion of schools with improved drinking water sources,2015,100,Total,,%,,,,Total
United Arab Emirates,AE,ARE,784,Proportion of schools with improved drinking water sources,2016,100,Total,,%,,,,Total
United Arab Emirates,AE,ARE,784,Proportion of schools with improved drinking water sources,2017,100,Total,,%,,,,Total
United Arab Emirates,AE,ARE,784,Proportion of schools with improved drinking water sources,2018,100,Total,,%,,,,Total
United Arab Emirates,AE,ARE,784,Proportion of schools with improved drinking water sources,2019,100,Total,,%,,,,Total
United Arab Emirates,AE,ARE,784,Proportion of schools with improved drinking water sources,2020,100,Total,,%,,,,Total
United Arab Emirates,AE,ARE,784,Proportion of schools with improved drinking water sources,2021,100,Total,,%,,,,Total
United Arab Emirates,AE,ARE,784,Proportion of schools with improved drinking water sources,2022,100,Total,,%,,,,Total
United Arab Emirates,AE,ARE,784,Proportion of schools with improved drinking water sources,2023,100,Total,,%,,,,Total
"Tanzania, United Republic of",TZ,TZA,834,Proportion of schools with improved drinking water sources,2004,41.82735311223951,Total,,%,,,,Total
"Tanzania, United Republic of",TZ,TZA,834,Proportion of schools with improved drinking water sources,2005,41.82735311223951,Total,,%,,,,Total
"Tanzania, United Republic of",TZ,TZA,834,Proportion of schools with improved drinking water sources,2006,41.82735311223951,Total,,%,,,,Total
"Tanzania, United Republic of",TZ,TZA,834,Proportion of schools with improved drinking water sources,2007,41.82735311223951,Total,,%,,,,Total
"Tanzania, United Republic of",TZ,TZA,834,Proportion of schools with improved drinking water sources,2008,41.82735311223951,Total,,%,,,,Total
"Tanzania, United Republic of",TZ,TZA,834,Proportion of schools with improved drinking water sources,2009,44.7379939069815,Total,,%,,,,Total
"Tanzania, United Republic of",TZ,TZA,834,Proportion of schools with improved drinking water sources,2010,47.64863470172259,Total,,%,,,,Total
"Tanzania, United Republic of",TZ,TZA,834,Proportion of schools with improved drinking water sources,2011,50.55927549646458,Total,,%,,,,Total
"Tanzania, United Republic of",TZ,TZA,834,Proportion of schools with improved drinking water sources,2012,53.46991629120566,Total,,%,,,,Total
"Tanzania, United Republic of",TZ,TZA,834,Proportion of schools with improved drinking water sources,2013,56.38055708594766,Total,,%,,,,Total
"Tanzania, United Republic of",TZ,TZA,834,Proportion of schools with improved drinking water sources,2014,59.29119788068874,Total,,%,,,,Total
"Tanzania, United Republic of",TZ,TZA,834,Proportion of schools with improved drinking water sources,2015,62.20183867543074,Total,,%,,,,Total
"Tanzania, United Republic of",TZ,TZA,834,Proportion of schools with improved drinking water sources,2016,65.11247947017182,Total,,%,,,,Total
"Tanzania, United Republic of",TZ,TZA,834,Proportion of schools with improved drinking water sources,2017,68.02312026491381,Total,,%,,,,Total
"Tanzania, United Republic of",TZ,TZA,834,Proportion of schools with improved drinking water sources,2018,70.9337610596549,Total,,%,,,,Total
"Tanzania, United Republic of",TZ,TZA,834,Proportion of schools with improved drinking water sources,2019,73.84440185439689,Total,,%,,,,Total
"Tanzania, United Republic of",TZ,TZA,834,Proportion of schools with improved drinking water sources,2020,76.75504264913798,Total,,%,,,,Total
"Tanzania, United Republic of",TZ,TZA,834,Proportion of schools with improved drinking water sources,2021,76.75504264913798,Total,,%,,,,Total
"Tanzania, United Republic of",TZ,TZA,834,Proportion of schools with improved drinking water sources,2022,76.75504264913798,Total,,%,,,,Total
"Tanzania, United Republic of",TZ,TZA,834,Proportion of schools with improved drinking water sources,2023,76.75504264913798,Total,,%,,,,Total
United States,US,USA,840,Proportion of schools with improved drinking water sources,2000,100,Total,,%,,,,Total
United States,US,USA,840,Proportion of schools with improved drinking water sources,2001,100,Total,,%,,,,Total
United States,US,USA,840,Proportion of schools with improved drinking water sources,2002,100,Total,,%,,,,Total
United States,US,USA,840,Proportion of schools with improved drinking water sources,2003,100,Total,,%,,,,Total
United States,US,USA,840,Proportion of schools with improved drinking water sources,2004,100,Total,,%,,,,Total
United States,US,USA,840,Proportion of schools with improved drinking water sources,2005,100,Total,,%,,,,Total
United States,US,USA,840,Proportion of schools with improved drinking water sources,2006,100,Total,,%,,,,Total
United States,US,USA,840,Proportion of schools with improved drinking water sources,2007,100,Total,,%,,,,Total
United States,US,USA,840,Proportion of schools with improved drinking water sources,2008,100,Total,,%,,,,Total
United States,US,USA,840,Proportion of schools with improved drinking water sources,2009,100,Total,,%,,,,Total
United States,US,USA,840,Proportion of schools with improved drinking water sources,2010,100,Total,,%,,,,Total
United States,US,USA,840,Proportion of schools with improved drinking water sources,2011,100,Total,,%,,,,Total
United States,US,USA,840,Proportion of schools with improved drinking water sources,2012,100,Total,,%,,,,Total
United States,US,USA,840,Proportion of schools with improved drinking water sources,2013,100,Total,,%,,,,Total
United States,US,USA,840,Proportion of schools with improved drinking water sources,2014,100,Total,,%,,,,Total
United States,US,USA,840,Proportion of schools with improved drinking water sources,2015,100,Total,,%,,,,Total
United States,US,USA,840,Proportion of schools with improved drinking water sources,2016,100,Total,,%,,,,Total
United States,US,USA,840,Proportion of schools with improved drinking water sources,2017,100,Total,,%,,,,Total
United States,US,USA,840,Proportion of schools with improved drinking water sources,2018,100,Total,,%,,,,Total
United States,US,USA,840,Proportion of schools with improved drinking water sources,2019,100,Total,,%,,,,Total
United States,US,USA,840,Proportion of schools with improved drinking water sources,2020,100,Total,,%,,,,Total
United States,US,USA,840,Proportion of schools with improved drinking water sources,2021,100,Total,,%,,,,Total
United States,US,USA,840,Proportion of schools with improved drinking water sources,2022,100,Total,,%,,,,Total
United States,US,USA,840,Proportion of schools with improved drinking water sources,2023,100,Total,,%,,,,Total
Uruguay,UY,URY,858,Proportion of schools with improved drinking water sources,2000,100,Total,,%,,,,Total
Uruguay,UY,URY,858,Proportion of schools with improved drinking water sources,2001,100,Total,,%,,,,Total
Uruguay,UY,URY,858,Proportion of schools with improved drinking water sources,2002,100,Total,,%,,,,Total
Uruguay,UY,URY,858,Proportion of schools with improved drinking water sources,2003,100,Total,,%,,,,Total
Uruguay,UY,URY,858,Proportion of schools with improved drinking water sources,2004,100,Total,,%,,,,Total
Uruguay,UY,URY,858,Proportion of schools with improved drinking water sources,2005,100,Total,,%,,,,Total
Uruguay,UY,URY,858,Proportion of schools with improved drinking water sources,2006,100,Total,,%,,,,Total
Uruguay,UY,URY,858,Proportion of schools with improved drinking water sources,2007,100,Total,,%,,,,Total
Uruguay,UY,URY,858,Proportion of schools with improved drinking water sources,2008,100,Total,,%,,,,Total
Uruguay,UY,URY,858,Proportion of schools with improved drinking water sources,2009,100,Total,,%,,,,Total
Uruguay,UY,URY,858,Proportion of schools with improved drinking water sources,2010,100,Total,,%,,,,Total
Uruguay,UY,URY,858,Proportion of schools with improved drinking water sources,2011,100,Total,,%,,,,Total
Uruguay,UY,URY,858,Proportion of schools with improved drinking water sources,2012,99.0430095807742,Total,,%,,,,Total
Uruguay,UY,URY,858,Proportion of schools with improved drinking water sources,2013,96.17498174234424,Total,,%,,,,Total
Uruguay,UY,URY,858,Proportion of schools with improved drinking water sources,2014,93.30695390391429,Total,,%,,,,Total
Uruguay,UY,URY,858,Proportion of schools with improved drinking water sources,2015,90.43892606548434,Total,,%,,,,Total
Uruguay,UY,URY,858,Proportion of schools with improved drinking water sources,2016,87.57089822705439,Total,,%,,,,Total
Uruguay,UY,URY,858,Proportion of schools with improved drinking water sources,2017,84.70287038862443,Total,,%,,,,Total
Uruguay,UY,URY,858,Proportion of schools with improved drinking water sources,2018,81.83484255019448,Total,,%,,,,Total
Uruguay,UY,URY,858,Proportion of schools with improved drinking water sources,2019,78.96681471176453,Total,,%,,,,Total
Uruguay,UY,URY,858,Proportion of schools with improved drinking water sources,2020,76.09878687333457,Total,,%,,,,Total
Uruguay,UY,URY,858,Proportion of schools with improved drinking water sources,2021,73.23075903490464,Total,,%,,,,Total
Uruguay,UY,URY,858,Proportion of schools with improved drinking water sources,2022,70.36273119647467,Total,,%,,,,Total
Uruguay,UY,URY,858,Proportion of schools with improved drinking water sources,2023,67.49470335804472,Total,,%,,,,Total
Uzbekistan,UZ,UZB,860,Proportion of schools with improved drinking water sources,2012,85.29256857030782,Total,,%,,,,Total
Uzbekistan,UZ,UZB,860,Proportion of schools with improved drinking water sources,2013,85.29256857030782,Total,,%,,,,Total
Uzbekistan,UZ,UZB,860,Proportion of schools with improved drinking water sources,2014,85.29256857030782,Total,,%,,,,Total
Uzbekistan,UZ,UZB,860,Proportion of schools with improved drinking water sources,2015,85.29256857030782,Total,,%,,,,Total
Uzbekistan,UZ,UZB,860,Proportion of schools with improved drinking water sources,2016,85.29256857030782,Total,,%,,,,Total
Uzbekistan,UZ,UZB,860,Proportion of schools with improved drinking water sources,2017,85.29256857030782,Total,,%,,,,Total
Uzbekistan,UZ,UZB,860,Proportion of schools with improved drinking water sources,2018,85.29256857030782,Total,,%,,,,Total
Uzbekistan,UZ,UZB,860,Proportion of schools with improved drinking water sources,2019,85.29256857030782,Total,,%,,,,Total
Uzbekistan,UZ,UZB,860,Proportion of schools with improved drinking water sources,2020,85.29256857030782,Total,,%,,,,Total
Uzbekistan,UZ,UZB,860,Proportion of schools with improved drinking water sources,2021,85.29256857030782,Total,,%,,,,Total
Uzbekistan,UZ,UZB,860,Proportion of schools with improved drinking water sources,2022,85.29256857030782,Total,,%,,,,Total
Uzbekistan,UZ,UZB,860,Proportion of schools with improved drinking water sources,2023,85.29256857030782,Total,,%,,,,Total
Vanuatu,VU,VUT,548,Proportion of schools with improved drinking water sources,2012,94.51371571072319,Total,,%,,,,Total
Vanuatu,VU,VUT,548,Proportion of schools with improved drinking water sources,2013,94.51371571072319,Total,,%,,,,Total
Vanuatu,VU,VUT,548,Proportion of schools with improved drinking water sources,2014,94.51371571072319,Total,,%,,,,Total
Vanuatu,VU,VUT,548,Proportion of schools with improved drinking water sources,2015,94.51371571072319,Total,,%,,,,Total
Vanuatu,VU,VUT,548,Proportion of schools with improved drinking water sources,2016,94.51371571072319,Total,,%,,,,Total
Vanuatu,VU,VUT,548,Proportion of schools with improved drinking water sources,2017,94.51371571072319,Total,,%,,,,Total
Vanuatu,VU,VUT,548,Proportion of schools with improved drinking water sources,2018,94.51371571072319,Total,,%,,,,Total
Vanuatu,VU,VUT,548,Proportion of schools with improved drinking water sources,2019,94.51371571072319,Total,,%,,,,Total
Vanuatu,VU,VUT,548,Proportion of schools with improved drinking water sources,2020,94.51371571072319,Total,,%,,,,Total
Yemen,YE,YEM,887,Proportion of schools with improved drinking water sources,2009,61.225,Total,,%,,,,Total
Yemen,YE,YEM,887,Proportion of schools with improved drinking water sources,2010,61.225,Total,,%,,,,Total
Yemen,YE,YEM,887,Proportion of schools with improved drinking water sources,2011,61.225,Total,,%,,,,Total
Yemen,YE,YEM,887,Proportion of schools with improved drinking water sources,2012,61.225,Total,,%,,,,Total
Yemen,YE,YEM,887,Proportion of schools with improved drinking water sources,2013,61.225,Total,,%,,,,Total
Yemen,YE,YEM,887,Proportion of schools with improved drinking water sources,2014,61.225,Total,,%,,,,Total
Yemen,YE,YEM,887,Proportion of schools with improved drinking water sources,2015,61.225,Total,,%,,,,Total
Yemen,YE,YEM,887,Proportion of schools with improved drinking water sources,2016,61.225,Total,,%,,,,Total
Yemen,YE,YEM,887,Proportion of schools with improved drinking water sources,2017,61.225,Total,,%,,,,Total
Zambia,ZM,ZMB,894,Proportion of schools with improved drinking water sources,2011,84.10829769298748,Total,,%,,,,Total
Zambia,ZM,ZMB,894,Proportion of schools with improved drinking water sources,2012,84.10829769298748,Total,,%,,,,Total
Zambia,ZM,ZMB,894,Proportion of schools with improved drinking water sources,2013,84.10829769298748,Total,,%,,,,Total
Zambia,ZM,ZMB,894,Proportion of schools with improved drinking water sources,2014,84.10829769298748,Total,,%,,,,Total
Zambia,ZM,ZMB,894,Proportion of schools with improved drinking water sources,2015,84.10829769298748,Total,,%,,,,Total
Zambia,ZM,ZMB,894,Proportion of schools with improved drinking water sources,2016,84.10829769298748,Total,,%,,,,Total
Zambia,ZM,ZMB,894,Proportion of schools with improved drinking water sources,2017,84.10829769298748,Total,,%,,,,Total
Zambia,ZM,ZMB,894,Proportion of schools with improved drinking water sources,2018,84.10829769298748,Total,,%,,,,Total
Zambia,ZM,ZMB,894,Proportion of schools with improved drinking water sources,2019,84.10829769298748,Total,,%,,,,Total
Zambia,ZM,ZMB,894,Proportion of schools with improved drinking water sources,2020,84.10829769298748,Total,,%,,,,Total
Zambia,ZM,ZMB,894,Proportion of schools with improved drinking water sources,2021,84.10829769298748,Total,,%,,,,Total
Zambia,ZM,ZMB,894,Proportion of schools with improved drinking water sources,2022,84.10829769298748,Total,,%,,,,Total
Zambia,ZM,ZMB,894,Proportion of schools with improved drinking water sources,2023,84.10829769298748,Total,,%,,,,Total
Zimbabwe,ZW,ZWE,716,Proportion of schools with improved drinking water sources,2007,86.65658446653384,Total,,%,,,,Total
Zimbabwe,ZW,ZWE,716,Proportion of schools with improved drinking water sources,2008,86.65658446653384,Total,,%,,,,Total
Zimbabwe,ZW,ZWE,716,Proportion of schools with improved drinking water sources,2009,86.65658446653384,Total,,%,,,,Total
Zimbabwe,ZW,ZWE,716,Proportion of schools with improved drinking water sources,2010,86.65658446653384,Total,,%,,,,Total
Zimbabwe,ZW,ZWE,716,Proportion of schools with improved drinking water sources,2011,86.65658446653384,Total,,%,,,,Total
Zimbabwe,ZW,ZWE,716,Proportion of schools with improved drinking water sources,2012,86.89937589514403,Total,,%,,,,Total
Zimbabwe,ZW,ZWE,716,Proportion of schools with improved drinking water sources,2013,87.14216732375421,Total,,%,,,,Total
Zimbabwe,ZW,ZWE,716,Proportion of schools with improved drinking water sources,2014,87.38495875236441,Total,,%,,,,Total
Zimbabwe,ZW,ZWE,716,Proportion of schools with improved drinking water sources,2015,87.6277501809746,Total,,%,,,,Total
Zimbabwe,ZW,ZWE,716,Proportion of schools with improved drinking water sources,2016,87.87054160958472,Total,,%,,,,Total
Zimbabwe,ZW,ZWE,716,Proportion of schools with improved drinking water sources,2017,88.11333303819492,Total,,%,,,,Total
Zimbabwe,ZW,ZWE,716,Proportion of schools with improved drinking water sources,2018,88.35612446680511,Total,,%,,,,Total
Zimbabwe,ZW,ZWE,716,Proportion of schools with improved drinking water sources,2019,88.5989158954153,Total,,%,,,,Total
Zimbabwe,ZW,ZWE,716,Proportion of schools with improved drinking water sources,2020,88.84170732402549,Total,,%,,,,Total
Zimbabwe,ZW,ZWE,716,Proportion of schools with improved drinking water sources,2021,89.08449875263562,Total,,%,,,,Total
Zimbabwe,ZW,ZWE,716,Proportion of schools with improved drinking water sources,2022,89.32729018124581,Total,,%,,,,Total
Zimbabwe,ZW,ZWE,716,Proportion of schools with improved drinking water sources,2023,89.570081609856,Total,,%,,,,Total
